id,caption,comments_count,like_count,media_type,media_url,permalink,timestamp,keyword
17903813899976264,"Â«All UvionÂ»

On peut jouer avec les nuages et se demander Ã  quoi ils font penser. 
On peut le faire aussi avec une plage Ã  marÃ©e basse.... Ici Ã  Villerville. 

Et vous que voyez-vous ?

#igersnormandie #villerville #honfleurtourismenormandie #honfleur #honfleurðŸ‡«ðŸ‡· #beach #villervilletourisme #igerscalvados #plage #alluvione #naturephotography #lanormandieimpressionante #normandyfrance #normandy",0,25,IMAGE,https://scontent-sea1-1.cdninstagram.com/v/t51.29350-15/201837701_520957069031481_125701475223669580_n.jpg?_nc_cat=100&ccb=1-3&_nc_sid=8ae9d6&_nc_ohc=WksVFq_U93YAX8mdin7&_nc_ht=scontent-sea1-1.cdninstagram.com&oh=55189592318ccd1076003ceea2b0a05c&oe=60CC0FA2,https://www.instagram.com/p/CQFr53kBbmH/,2021-06-14T05:27:37+0000,none
18170668102131898,"Senza parole...
#tempestaalex #tempesta #alex #danni #alluvione #meteo_limet #ilsecoloxix #unsorrisoconditodaunpizzicodifollia",0,12,IMAGE,https://scontent-sea1-1.cdninstagram.com/v/t51.29350-15/201168669_153509563484269_2564844833409984181_n.jpg?_nc_cat=108&ccb=1-3&_nc_sid=8ae9d6&_nc_ohc=0akPPFXuBpsAX8tygmX&_nc_ht=scontent-sea1-1.cdninstagram.com&oh=a514c3c5a7a472373f1e7d54ce3ff220&oe=60CD41A0,https://www.instagram.com/p/CQEyFtSBR9E/,2021-06-13T21:02:25+0000,none
