id,children,caption,comments_count,like_count,media_type,permalink,timestamp,keyword
17889162587237286,"{'data': [{'id': '17886858752183874'}, {'id': '17915551948775628'}, {'id': '17915882092783506'}, {'id': '17935845826547845'}]}","*üåäüèòÔ∏èSAIBA COMO AGIR: INUNDA√á√ïES üèòüåä*

Transbordamentos de √°gua do leito normal de rios, mares, lagos e a√ßudes, ou acumula√ß√£o de √°gua por drenagem deficiente, em √°reas n√£o habitualmente submersas. 

Inunda√ß√µes s√£o classificadas de acordo com sua magnitude (excepcionais, de grande magnitude, normais ou regulares e de pequena magnitude) e em fun√ß√£o do seu padr√£o evolutivo (enchentes ou inunda√ß√µes graduais, enxurradas ou inunda√ß√µes bruscas, alagamentos e inunda√ß√µes litor√¢neas).

Na maioria das vezes, o incremento dos n√≠veis do coro d‚Äô√°gua s√£o provocados por precipita√ß√µes pluviom√©tricas intensas e concentradas, pela intensifica√ß√£o do regime de chuvas, por satura√ß√£o do len√ßol fre√°tico. 

#CBMRR
#VidaAlheiaRiquezasSalvar
#DefesaCivil
#SomosTodosN√≥s
#Opera√ß√£oInverno2021
#Inunda√ß√µes
#SaibaComoAgir
#GovernoDeRoraima 
#GovernoTrabalhando 

https://www.facebook.com/890094167689682/posts/4452001701498893/",0,3,CAROUSEL_ALBUM,https://www.instagram.com/p/CQFGQdnld0e/,2021-06-13T23:58:39+0000,none
17897009267100663,"{'data': [{'id': '17956000159450452'}, {'id': '17922785116657779'}, {'id': '17936090002549215'}, {'id': '17851224998575178'}, {'id': '18157278496095621'}]}","#Repost cbmrr
SAIBA COMO AGIR: INUNDA√á√ïES üèòüåä

Transbordamentos de √°gua do leito normal de rios, mares, lagos e a√ßudes, ou acumula√ß√£o de √°gua por drenagem deficiente, em √°reas n√£o habitualmente submersas. 

Inunda√ß√µes s√£o classificadas de acordo com sua magnitude (excepcionais, de grande magnitude, normais ou regulares e de pequena magnitude) e em fun√ß√£o do seu padr√£o evolutivo (enchentes ou inunda√ß√µes graduais, enxurradas ou inunda√ß√µes bruscas, alagamentos e inunda√ß√µes litor√¢neas).

Na maioria das vezes, o incremento dos n√≠veis do coro d‚Äô√°gua s√£o provocados por precipita√ß√µes pluviom√©tricas intensas e concentradas, pela intensifica√ß√£o do regime de chuvas, por satura√ß√£o do len√ßol fre√°tico. 

#CBMRR
#VidaAlheiaRiquezasSalvar
#DefesaCivil
#SomosTodosN√≥s
#Opera√ß√£oInverno2021
#Inunda√ß√µes
#SaibaComoAgir
#GovernoDeRoraima 
#GovernoTrabalhando",0,14,CAROUSEL_ALBUM,https://www.instagram.com/p/CQEuiTRFrPm/,2021-06-13T20:31:23+0000,none
