,ID,event_id,article_title,article_link,article_content,publishing_date,article_image,article_keywords,article_relevance,category
0,0,FL-2015-000092-BRA,Ajuda humanitária chega até sábado a vítimas de enchentes no Sul - EBC,https://agenciabrasil.ebc.com.br/geral/noticia/2015-07/governo-anuncia-ajuda-humanitaria-para-vitimas-de-enchentes-no-sul,"O secretário nacional de Proteção e Defesa Civil do Ministério da Integração Nacional, Adriano Pereira, anunciou hoje (22) R$ 2 milhões em ajuda humanitária às vítimas de enchentes no Rio Grande do Sul. O valor equivale a 19.423 kits de ajuda humanitária, que devem chegar ao estado até sábado (25).

Ao todo, são 2.279 cestas de alimentos, 5.116 kits de higiene pessoal, 2.058 kits de limpeza, 4.985 kits dormitório e 4.985 colchões. ""Estamos atendendo a 100% das solicitações de apoio do estado"", e o governo federal atua em complemento às ações da Defesa Civil no estado e nos municípios, ressaltou o secretário.

Após o anúncio, feito no início da tarde no Palácio Piratini, em Porto Alegre, Adriano Pereira e o vice-governador, José Paulo Carioli, sobrevoaram a capital, a região das ilhas e os municípios de Cachoerinha, Gravataí, Esteio, São Leopoldo, Novo Hamburgo e Eldorado do Sul.

O envio dos kits está entre as ações de apoio do governo federal aos municípios atingidos pelas chuvas da última semana. A Secretaria Nacional de Proteção e Defesa Civil (Sedec) reconheceu situação de emergência em 26 municípios gaúchos, em razão de inundações.

Para o estado do Paraná, a Sedec autorizou o repasse de R$ 784,582 mil e reconheceu situação de emergência em 28 municípios, por causa de queda de granizo, vendavais, tornados, enxurradas e inundações. Os recursos serão utilizados na execução de ações de socorro, assistência às vítimas e restabelecimento de serviços essenciais. O governo federal enviou ainda 1.828 kits de higiene pessoal, 1.828 kits de limpeza, 1.883 cestas de alimentos, 950 kits dormitório e 950 colchões. Esse material corresponde a R$ 870 mil. Curitiba, Maringá e Francisco Beltrão receberam os kits para distribuição.","Wed, 22 Jul 2015 07:00:00 GMT",https://imagens.ebc.com.br/GuzjbkDD0QKsxwAqfWqA3E6NpFU=/1600x800/https://agenciabrasil.ebc.com.br/sites/default/files/atoms/image/defesa_civil_-_rs.jpg?itok=YrK3dut4,"['enchentes', 'defesa', 'civil', 'sul', 'municípios', 'ajuda', 'ações', 'vítimas', 'sábado', 'federal', 'chega', 'kits', 'nacional', 'r', 'humanitária', 'governo']", ,flood
1,1,FL-2015-000092-BRA,Falha geológica ameaça provocar grande terremoto e tsunami nos EUA - BBC Brasil,https://www.bbc.com/portuguese/noticias/2015/07/150727_falha_geologica_eua_fn,"Falha geológica ameaça provocar grande terremoto e tsunami nos EUA

Jaime González

Da BBC Mundo em Los Angeles

27 julho 2015

Crédito, Getty Legenda da foto, A costa noroeste dos EUA enfrenta o risco de sofrer um tsunami parecido com que o devastou a costa norte do Japão em 2011

A falha geológica de San Andreas, que corta de norte a sul o Estado americano da Califórnia, é uma das mais estudadas do planeta e também a mais temida dos Estados Unidos.

O que muitas pessoas não sabem é que, pouco mais ao norte, em frente à costa noroeste do país, existe outra falha geológica que, segundo os cientistas, em um futuro próximo, poderá provocar um terremoto maior do que o que teve origem na falha de San Andreas em 1906 e devastou a cidade de San Francisco.

É a falha submarina de Cascadia que, com mais de 1,1 mil quilômetros, vai desde a Província canadense da Colúmbia Britânica até o norte da Califórnia.

A Cascadia está na zona de subducção da placa de Juan de Fuca e a placa da América do Norte e, até o meio da década de 1980, os cientistas não tinham total consciência do perigo que ela representa. Esta falha submarina é capaz de provocar tremores de uma magnitude acima dos nove graus, acompanhados de tsunamis parecidos com que o que arrasou a costa norte do Japão em 2011.

O desconhecimento sobre o perigo que representa a falha de Cascadia foi demonstrado há poucos dias, depois da publicação de um artigo sobre ela na revista The New Yorker.

Neste artigo vários pesquisadores informavam que, nas próximas décadas, esperam que a ruptura da falha de Cascadia provoque nos Estados de Washington e Oregon o que poderá ser a maior catástrofe natural da história dos Estados Unidos.

O terremoto de 1700

O pouco que se sabe desta falha é que a última vez que deu origem a um grande terremoto foi no ano de 1700, quando a costa noroeste dos Estados Unidos era habitada por tribos indígenas. Este terremoto causou um tsunami que chegou à costa do Japão.

Crédito, Getty Legenda da foto, A costa noroeste dos EUA não tem refúgios verticais para abrigar a população em caso de tsunami

Agora, graças aos estudos dos sedimentos costeiros, os cientistas conseguiram determinar que a falha de Cascadia já causou mais de 40 tremores de terra nos últimos dez mil anos, provocando terremotos superiores aos nove graus com um intervalo de cerca de 500 anos, apesar de também poder causar terremotos com intervalos de apenas 200 anos.

O último tremor causado por esta falha geológica ocorreu há mais de 300 anos e se calcula que tenha tido uma magnitude entre 8,7 e 9,2 graus.

E os especialistas alertam que o noroeste dos Estados Unidos não está preparado para uma catástrofe deste tipo.

Segundo os cálculos da Agência Federal para o Gerenciamento de Emergências dos Estados Unidos (FEMA, em sua sigla em inglês) se houver uma ruptura total da falha, o terremoto e o tsunami subsequente vão provocar a morte de mais de 13 mil pessoas, afetando gravemente cidades como Seattle, Olimpia, Portland e Salem.

Além das mortes, mais de um milhão de pessoas deverão abandonar suas casas e a infraestrutura básica será muito afetada, como pontes e estradas. O fornecimento de energia elétrica e de água será interrompido durante semanas ou até meses em algumas áreas.

Crédito, Reuters Legenda da foto, Seattle está entre as grandes cidades americanas que podem ser afetadas por um terremoto gerado na falha de Cascadia

Os cientistas afirmam que a maior parte da destruição será provocada pelo tsunami, que alcançará a costa em apenas 20 minutos, afetando uma área em que vivem mais de 70 mil pessoas. E nesta área não existem abrigos verticais para proteger a população das ondas que, segundo os especialistas, devem chegar a vários metros de altura.

Outro fator preocupante para os especialistas é que a maior parte dos edifícios da região, com uma população de cerca de 7 milhões de pessoas, não foram construídos aguentar um tremor como o que pode ser provocado pela falha Cascadia, e isto inclui muitos prédios onde estão hospitais, escolas, delegacias de polícia e os bombeiros.

Problemas de infraestrutura

Crédito, AP Legenda da foto, A falha de San Andreas é muito mais conhecida do público do que a de Cascadia

""Me surpreende a atenção que recebeu o artigo do The New Yorker, já que a informação que traz não é nova. Sua autora fez um bom trabalho resumindo o que pode acontecer na costa noroeste do país, apesar de que o tom é um pouco alarmista"", disse à BBC Mundo William Steele, porta-voz da Rede Sísmica do Noroeste do Pacífico, com sede em Seattle.

""A população sabe que vivemos em uma zona de terremotos, mas não acredito que estejam preparados para um tremor como o que pode ser provocado pela falha de Cascadia, do tipo de que não se tem memória recente.""

Steele garante que ""nas áreas costeiras suscetíveis a ser inundadas por um tsunami, é preciso construir mais áreas de evacuação verticais"" para abrigar aqueles não tenham tempo de fugir.

Além disso, o especialista acredita que é preciso colocar mais verbas à disposição das comunidades locais para que elas se preparem, pois afirma que ""não faz sentido que o dinheiro chegue depois que o terremoto e o tsunami já tenham acontecido"".

""É preciso começar a pensar como combinar estes recursos estatais e federais para preparar as comunidades que serão atingidas.""

""Outro tema que acho ser importante é que a infraestrutura essencial, como escolas e hospitais, seja construída fora das zonas inundáveis"", disse Steele, lembrando que o Estado do Oregon aprovou a construção de instalações deste tipo em áreas que prevê que sejam atingidas por um tsunami.

Simulação e treinamento

Crédito, AFP Legenda da foto, Os EUA pretendem ter um sistema de alerta de tsunamis parecido com o que está em testes no Japão atualmente

Timothy Walsh, especialista do Serviço Geológico do Estado de Washington, afirma que o cálculo dos intervalos entre os terremotos causados pelas falhas geológicas não é uma ciência exata. Segundo ele, o terremoto de Cascadia ""poderia ocorrer hoje mesmo ou dentro de vários séculos"".

Em entrevista à BBC Mundo, Walsh explica que as tribos que vivem na costa de Washington têm entre suas tradições orais histórias sobre este tipo de eventos.

O especialista afirma que as autoridades locais estão cada vez mais conscientes do perigo que a região enfrenta. Por este motivo, em 2016, os governos da região vão organizar uma grande simulação de terremoto e tsunami que vai envolver os serviços de emergência de Washington, Oregon e da Columbia Britânica.","Mon, 27 Jul 2015 07:00:00 GMT",https://ichef.bbci.co.uk/news/1024/branded_portuguese/worldservice/live/assets/images/2015/07/27/150727134414_tsunami_getty144.jpg,"['geológica', 'eua', 'foto', 'estados', 'noroeste', 'ameaça', 'legenda', 'falha', 'cascadia', 'norte', 'terremoto', 'tsunami', 'provocar', 'costa']", ,none
2,2,FL-2015-000092-BRA,Chuvas e trovoadas: Alerta Rio lança aplicativo para celular e tablet - Globo.com,http://g1.globo.com/rio-de-janeiro/noticia/2015/07/chuvas-e-trovoadas-alerta-rio-lanca-aplicativo-para-celular-e-tablets.html,"O aplicativo do Alerta Rio (Foto: Reprodução da internet)

O Sistema Alerta Rio, serviço da Prefeitura que divulga informações em tempo real sobre clima, chuvas, ventos e até possibilidade de deslizamentos, agora está acessível na palma da mão. O Alerta Rio agora é um aplicativo para celular e tablets operando nas plataformas Android e iOS.

Segundo a Secretaria Municipal de Obras, à qual é subordinada a Fundação Instituto de Geotécnica do Município do Rio de Janeiro (Geo-Rio), que idealizou o Alerta Rio, o aplicativo recém-lançado é totalmente participativo e focado em meteorologia: informa sobre chuvas fortes e as condições das encostas em tempo real usando os dados dos 33 pluviômetros da cidade.

A secretaria anunciou que, em versões futuras, será possível aos usuários conectados avisarem aos outros sobre as condições climáticas nos bairros. Para isso, os técnicos da prefeitura vão acompanhar o sistema e as informações disponíveis para que, após a checagem, possam ser incluídas na página do Alerta Rio e na do Centro de Operações Rio.



De acordo com a Secretaria de Obras, graças à qualidade de seus serviços e produtos, o Alerta Rio tornou-se referência nacional na antecipação da previsão do tempo, na análise de dados e na divulgação de alertas de chuvas que possam gerar inundações de vias públicas ou deslizamentos de encostas.

O aplicativo dá continuidade às ações da prefeitura para preparar a cidade em casos de chuvas intensas, explicou a secretaria. ""O intuito com a aquisição de ferramentas mais afiadas e tecnologias mais atualizadas é promover melhorias nas condições de transmissão de informações e de manutenção da aparelhagem, tudo para que o Rio de Janeiro esteja mais monitorado frente às adversidades da natureza”, afirma a secretaria.

saiba mais Prefeitura aciona alarme de alerta de chuva em duas comunidades no Rio

O Sistema Alerta Rio, de acordo com a secretaria, conta com um investimento recorde: cerca de R$ 7,4 milhões, num contrato equivalente por quatro anos. O valor permitiu com que vários projetos saíssem do papel, entre eles, o aplicativo do Alerta Rio.



De acordo com a Secretaria de Obras, o aperfeiçoamento do sistema permite a divulgação dos dados para as próximas 120 horas, com aferição de temperaturas mínimas e máximas previstas para diferentes pontos da cidade. Além disto, o Alerta Rio já conta com sete sensores de umidade e temperatura. Os bairros de Santa Cruz, Barra (Riocentro), Jardim Botânico e Irajá foram os últimos a serem instalados. Os já existentes ficam em São Cristóvão, no Alto da Boa Vista e em Guaratiba.","Mon, 20 Jul 2015 07:00:00 GMT",http://s2.glbimg.com/W8qJ1RZmgjdY2V4uPC51zy0DDzg=/1200x630/s.glbimg.com/jo/g1/f/original/2015/07/20/alertaapp.jpg,"['secretaria', 'aplicativo', 'lança', 'chuvas', 'prefeitura', 'trovoadas', 'obras', 'dados', 'informações', 'condições', 'celular', 'rio', 'tablet', 'alerta']", ,none
3,3,FL-2015-000092-BRA,Nível do Rio Negro em Manaus cai 59 cm desde início da vazante - Globo.com,http://g1.globo.com/am/amazonas/noticia/2015/07/nivel-do-rio-negro-em-manaus-cai-59-cm-desde-inicio-da-vazante.html,"Rua dos Barés, no Centro de Manaus, está interditada desde do dia 23 de maio (Foto: Sérgio Rodrigues/G1 AM)

O nível do Rio Negro em Manaus baixou 59 centímetros desde o começo do período de vazante, que ocorre desde a primeira primeira semana do mês de julho. Nesta terça-feira (28), a cota registrada na régua de medição do Porto de Manaus, no Centro da cidade, foi de 29,06m, após o recuo de três centímetros.

O pico máximo registrado neste período de cheia ocorreu no dia 29 de junho, quando o Rio Negro marcou 29,66 metros - cerca de 12 centímetros inferior a 2012, ano da cheia histórica (29,78 m). A previsão do CPRM era que o nível chegasse a 29,89 metros.

De acordo com o gerente de hidrologia do Serviço Geológico do Brasil (CPRM), André Santos, o nível do rio deve permanecer secando pelos próximos meses.

""[O Rio Negro] já está num período que só desce. Até setembro e outubro em geral isso deve ocorrer. A vazante não é muito certinha que nem a cheia, que ocorre 70% das vezes em junho"", informou Santos.

Durante o período da subida dos rios no Amazonas, a cidade de Manaus decretou situação de emergência devido às inundações.

Na capital, 11 bairros na área urbana e 24 comunidades na Zona Rural ficaram alagados. Na área central da cidade, duas ruas foram interditadas por conta do alagamento.



Além da capital do Amazonas, outras 46 cidades entraram em situação de emergência em razão da cheia deste ano.



Segundo a Defesa Civil do Estado do Amazonas, a cota de emergência da capital deve continuar até o fim do período de ""pós-desastre"", caracterizado pela situação geográfica e social das casas e famílias afetadas. Ainda de acordo com a Defesa Civil, cada município fica de três a seis meses dentro da cota de emergência.

O órgão informou que envia ajuda humanitária, entre alimentos não perecíveis, kits medicamentos, kit’s dormitórios, kit's higiene pessoal, água potável, hipoclorito de sódio, filtros de água às cidades afetadas em todo o estado.

Cidades afetadas

As cidades de Anamã e Boca do Acre, na região do Purus, decretaram Estado de Calamidade Pública.



A cheia deste ano afeta, ao todo, 46 cidades no interior do estado: Itamarati, Guajará, Ipixuna, Eirunepé, Envira, Juruá, Canutama, Tapauá, Carauari, Pauiní, Lábrea, Beruri, Atalaia do Norte, Benjamin Constant, Tabatinga, Amaturá , Santo Antônio do Iça, São Paulo de Olivença, Tonantins , Tefé, Coari, Fonte Boa, Maraã, Anori, Jutaí, Manacapuru, Uarini Careiro da várzea, Codajás, Caapiranga, Borba, Itacoatiara, Urucará, Boa Vista do Ramos, Iranduba, Manaus, Parintins , Alvarães, Urucurituba , Manaquiri, Barreirinha, Silves, Autazes, Japurá, Careiro e Maués.","Tue, 28 Jul 2015 07:00:00 GMT",http://s2.glbimg.com/OeEAz3T-XGvmCEcMwYGF5MmUPfU=/1200x630/s.glbimg.com/jo/g1/f/original/2015/06/20/img_0327.png,"['vazante', 'emergência', 'cota', 'manaus', 'período', 'início', '59', 'situação', 'negro', 'kits', 'rio', 'cm', 'cai', 'cidades', 'cheia']", ,flood
4,4,FL-2015-000092-BRA,Caso grave de aneurisma cerebral é tratado com procedimento inédito no país - EBC,https://agenciabrasil.ebc.com.br/geral/noticia/2015-07/caso-grave-de-aneurisma-cerebral-e-tratado-com-procedimento-inedito-no-pais,"Um caso grave de aneurisma cerebral de uma paciente de 68 anos foi tratado com um procedimento inédito no país pelo Hospital de Transplantes do Estado de São Paulo. A cirurgia foi feita no dia 6 de julho e é considerada um sucesso: ela aliou duas técnicas, a microcirurgia e a terapia endovascular, que já são utilizadas no tratamento mas, desta vez, utilizadas juntas, de forma simultânea, em um único procedimento.

Há dez meses, essa paciente passou a ter um tipo de dor de cabeça atípica, diferente do que ela já havia sentido antes. A paciente então procurou um médico no estado onde vivia, em Tocantins, que lhe pediu uma tomografia. “Essa tomografia evidenciou a presença de um aneurisma cerebral, algo que já não é usual. Não é frequente os aneurismas cerebrais aparecerem nas tomografias. No caso dela apareceu por causa do tamanho maior do que o habitual”, contou Sérgio Tadeu Fernandes, neurocirurgião do Hospital de Transplantes do Estado de São Paulo, em entrevista à Agência Brasil. “Mas na cidade não tinham os recursos necessários e a família a trouxe para São Paulo.”

O risco do procedimento era alto. No início, a equipe médica do hospital pensou em fazer um procedimento microcirúrgico. “Mas como o caso demandava um tipo de cirurgia que é extremamente trabalhosa e com risco muito alto, a equipe pensou em minimizar esse risco combinando as duas técnicas”.

A cirurgia da paciente demorou em torno de cinco horas. Caso fosse feita apenas a microcirurgia, por exemplo, a estimativa é de que a cirurgia poderia demorar bem mais, em torno de oito ou dez horas. “E com um risco muito maior”, explicou o médico.

“A cirurgia começou com a microcirurgia convencional. E aí passamos para o procedimento cirúrgico convencional, em que é feita uma incisão e se retira uma parte do osso. Posicionamos, então, um microscópio cirúrgico e, por meio dele, chegamos na lesão e identificamos o aneurisma. Uma equipe inseriu um cateter na artéria femural e foi com ele até o local onde essa lesão estava"", conta o especialista.

""Por meio desse cateter se passou um microbalão e aí, quando ele foi posicionado no ponto exato desse aneurisma, esse balão foi insuflado e, com ele cheio, impediu que o sangue passasse por dentro do aneurisma. Voltamos para a microcirurgia, esvaziando o aneurisma e deixando a bolha flácida. E não sangrava porque o balão impedia esse sangramento. E esse balão serviu de base depois para colocarmos, na base do aneurisma, alguns clipes [de titânio, empregado para excluir o aneurisma da região cerebral sem prejuízo da circulação] sem que isso prejudicasse o vaso normal”, disse Fernandes.

Após três dias da cirurgia, a paciente teve alta. “Foi uma recuperação fantástica”, disse o médico.

A ideia agora é que o novo procedimento possa ser adotado em vários outros casos de aneurisma, dependendo do tipo, já que ele não pode ser aplicado em todos os casos. O problema, alertou o neurocirurgião, é que seria preciso investir no aparato tecnológico, por exemplo, para a sala de cirurgia, e também no recurso humano, ou seja, na formação e no aperfeiçoamento dos médicos e na disponibilidade deles.

“O aneurisma cerebral não é uma doença frequente. Por isso, não se justifica investimento em todos os hospitais. Seria um desperdício montar essa estrutura [em todos os hospitais] para fazer uma cirurgia dessas a cada três meses. Mas uma forma racional seria ter centros de excelência e que eles estejam capacitados e adaptados para receber a demanda da rede,” observou.

Aneurisma

O aneurisma cerebral é uma doença que atinge entre dez e 15 pessoas em cada grupo de 100 mil indivíduos em todo o mundo. “Não é uma doença frequente, atingindo em torno de 3% da população mundial”, disse Fernandes. No entanto, ela é grave, podendo levar à morte.

O aneurisma cerebral é uma dilatação que se forma na parede de um vaso sanguíneo do cérebro. “Costumamos usar uma analogia que é a seguinte: imaginemos que, no encanamento de sua casa, forme-se uma bolha em algum ponto. Entendemos que esse ponto é fraco e isso é o aneurisma cerebral: uma bolha que se forma nos vasos do cérebro. E o risco que existe nessa bolha no encanamento é de ela estourar, de dar uma infiltração na parede ou de provocar uma inundação no cômodo da sua casa. No aneurisma cerebral é a mesma coisa: pode acontecer só uma infiltração ou ter um extravasamento desse sangue quando a bolha estoura, o que seria um tipo de derrame cerebral”, explicou o médico.

“Quando ela estoura e provoca o sangramento, é uma doença muito grave. Quando acontece essa ruptura, 50% dos pacientes morrem nos primeiros 30 dias de evolução da doença, 40% têm algum grau de sequelas e só 10% voltam a ter a vida que tinham antes de ter esse tipo de derrame por aneurisma cerebral”, acrescentou.","Sat, 25 Jul 2015 07:00:00 GMT",https://agenciabrasil.ebc.com.br/sites/default/modules/custom/custom_tokens/imagem_destaque_padrao.png,"['caso', 'bolha', 'paciente', 'doença', 'aneurisma', 'microcirurgia', 'procedimento', 'risco', 'país', 'tratado', 'inédito', 'cirurgia', 'grave', 'cerebral']", ,none
5,5,FL-2015-000092-BRA,"ESPECIAL-Viciado em antibióticos, salmão do Chile perde espaço no varejo dos EUA - R7",https://noticias.r7.com/brasil/especial-viciado-em-antibioticos-salmao-do-chile-perde-espaco-no-varejo-dos-eua-23072015,"A- A+

Por Anthony Esposito

SANTIAGO (Reuters) - Os produtores de salmão do Chile estão usando antibióticos em níveis recordes para tratar uma bactéria virulenta, afastando alguns varejistas dos Estados Unidos, que estão preferindo o salmão norueguês, livre de antibióticos.

As águas costeiras do Chile, segundo maior produtor mundial de salmão, estão inundadas com uma bactéria conhecida como SRS, ou Piscirickettsiosis, que causa lesões e hemorragia em peixes infectados, inchando seus rins e baços, eventualmente matando-os.

Incapazes de desenvolver uma vacina eficaz, os produtores chilenos têm sido forçados a aumentar o uso de antibióticos. Em 2014, a indústria produziu cerca de 895 mil toneladas de peixe e usou 563,2 toneladas de antibióticos, de acordo com dados da indústria e do governo. O uso de antibióticos subiu 25 por cento desde 2013.

Por outro lado, a Noruega, maior produtor mundial de salmão, produziu 1,3 milhão de toneladas de peixes e usou 972 quilos de antibióticos em 2013. (Dados referentes a 2014 não estavam imediatamente disponíveis)

As autoridades chilenas dizem que seu salmão é seguro e que os antibióticos foram aprovados pelos reguladores dos Estados Unidos.

Em meio a crescente preocupação da indústria alimentícia dos EUA de que o uso pesado de antibióticos em animais pode gerar superbactérias resistentes a remédios e trazer perigos à saúde humana, a terceira maior varejista dos EUA Costco Wholesale disse à Reuters em abril que iria reduzir suas importações de salmão do Chile.

Nos últimos anos, as cadeias de supermercados dos EUA Whole Foods Market e Trader Joe's têm gradualmente eliminado o salmão chileno em favor dos peixes livres de antibióticos capturados na natureza.

""Este é o início de uma mudança em frutos do mar"", disse Tobias Aguirre, diretor executivo da FishWise, uma consultoria de frutos do mar que trabalha com grandes varejistas, como Safeway e Target Corp. A Target também eliminou salmão de viveiro de suas prateleiras.

None

CHILE VERSUS NORUEGA

Mas nem todo comprador de salmão está preocupado com o uso de antibióticos. O Chile exportou 4,4 bilhões de dólares em salmão no ano passado, 24 por cento a mais que no ano anterior, de acordo com o grupo industrial SalmonChile.

Para alguns compradores, os custos são primordiais, como no caso do maior varejista brasileiro, GPA, que compra 3,6 milhões de quilos de salmão chileno por ano, e disse que a demanda por peixe livre de antibióticos no Brasil é pequena, e os custos de importação da Noruega são impeditivos.

""A maior demanda no mercado brasileiro é por salmão fresco, comprado, por enquanto, do Chile, principalmente por causa da logística"", declarou o GPA, dono das bandeiras Pão de Açúcar e Extra, em um email.

Os produtores chilenos afirmaram que não há razão para que os consumidores se preocupem, pois os produtores não administram antibióticos por meses antes de pescar o peixe, portanto quaisquer traços das drogas que permaneçam nos peixes quando chegarem aos consumidores estão dentro de níveis toleráveis.

""O produto final que os consumidores comem não tem antibióticos. Isto é apenas uma coisa dada aos peixes doentes para que não morram, não é algo preventivo"", disse o presidente da Camanchaca, Ricardo Garcia, empresa produtora de salmão que vendeu quase 500 milhões de dólares no ano passado.

Os produtores de salmão do Chile disseram que estão cientes de que deveriam reduzir a dependência de antibióticos, mas não esperam uma mudança significativa já que os esforços de encontrar uma vacina para a SRS foram mal-sucedidos até agora.

(Reportagem adicional de Terje Solsvik, Yuka Obayashi e Brad Haynes)

Copyright © Thomson Reuters.","Thu, 23 Jul 2015 07:00:00 GMT",https://img.r7.com/images/r7-30072019142631584?dimensions=340x191&crop_position=c,"['eua', 'peixes', 'perde', 'chile', 'produtores', 'toneladas', 'uso', 'espaço', 'disse', 'especialviciado', 'salmão', 'antibióticos', 'varejo', 'reuters', 'peixe']", ,none
6,6,FL-2015-000092-BRA,Rio Paraguai sobe para 6 metros e deixa 35 mil desalojados em Assunção - R7,https://noticias.r7.com/internacional/rio-paraguai-sobe-para-6-metros-e-deixa-35-mil-desalojados-em-assuncao-23072015,"Rio Paraguai sobe para 6 metros e deixa 35 mil desalojados em Assunção

compartilhamentos","Thu, 23 Jul 2015 07:00:00 GMT",https://img.r7.com/images/r7-30072019142631584?dimensions=340x191&crop_position=c,"['desalojados', 'paraguai', 'sobe', 'rio', 'metros', '6', 'assunçãocompartilhamentos', '35', 'assunção', 'deixa']", ,flood
7,7,FL-2015-000092-BRA,Justiça ordena reintegração de posse em área ocupada por 4 mil pessoas - Globo.com,http://g1.globo.com/ap/amapa/noticia/2015/07/justica-ordena-reintegracao-de-posse-em-area-ocupada-por-4-mil-pessoas.html,"Área na Zona Norte de Macapá pode ser reintegrada em 12 de agosto (Foto: John Pacheco/G1)

Pelo menos quatro mil moradores podem ser despejados de uma área invadida denominada Liberdade, invadida há sete anos no final do bairro Brasil Novo, na Zona Norte de Macapá. O proprietário da área recorreu na Justiça e garantiu a reintegração de posse do local, que está marcada para o dia 12 de agosto. Uma reunião entre os representantes da terra e a associação dos moradores aconteceu nesta quarta-feira (22), mas sem acordo.

O G1 tentou contato com o responsável pela área após a reunião, mas não houve resposta das ligações telefônicas. A área questionada tem pelo menos 500 propriedades, entre casas, estabelecimentos e igrejas, muitos levantados em alvenaria, além de ruas de terra e iluminação. Casas em construção também compõem a paisagem do local, batizado pelos moradores de bairro Liberdade.

Tony Macapá, representante dos moradores do

Liberdade (Foto: Abinoan Santiago/G1)

Com o risco de despejo, a comunidade tenta reverter a situação através do governo estadual, alegando que desde o início da invasão, até antes da notificação, não houve procura da terra por parte do proprietário.

""Essa invasão sempre aconteceu e as pessoas foram ficando. Se houvesse um dono naquele tempo porquê não se manifestou? Deixou as pessoas fazerem as suas casas, gastarem dinheiro para depois tirar. Para onde vão essas famílias?"", questionou o líder comunitário Tony Macapá.

Em entrevista ao G1 no dia 25 de junho de 2015, durante um protesto das mesmas famílias contra uma possível retirada, a advogada do dono do imóvel explicou que houve um pedido ainda em 2008 no Tribunal de Justiça do Amapá (Tjap) para a reintegração de posse.

Taxista José Maria Anis cobra permanência de

invasores em área privada (Foto: John Pacheco/G1)

O representante do Liberdade acrescenta que pelo menos 300 crianças da área estudam nas escolas do Brasil Novo, entre elas um dos filhos do taxista José Maria Anis, que mora no local desde o princípio da invasão.

""Eu temo pela minha família. Estou há sete anos nesse bairro e isso nunca aconteceu. Houve uma acomodação nossa em não cobrar, mas de novo surgiu a cobrança e foi decidida a reintegração. Queremos reverter e receber o nosso documento de posse"", pede o taxista.","Wed, 22 Jul 2015 07:00:00 GMT",http://s2.glbimg.com/1bZEsE-3JnFg4J0lA3r1gDcLiTE=/1200x630/s.glbimg.com/jo/g1/f/original/2015/07/22/dsc_0157.jpg,"['terra', 'reintegração', 'foto', 'casas', 'bairro', 'zona', 'moradores', 'ordena', 'justiça', 'posse', 'ocupada', '4', 'macapá', 'aconteceu', 'taxista']", ,none
8,8,FL-2015-000092-BRA,Efetivo da PM do Amapá é o segundo maior por habitantes no país - Globo.com,http://g1.globo.com/ap/amapa/noticia/2015/07/efetivo-da-pm-do-amapa-e-o-segundo-maior-por-habitantes-no-pais.html,"Amapá tem um PM para cada 207 pessoas

(Foto: John Pacheco/G1)

Com uma corporação de 3.635 homens, a Polícia Militar (PM) do Amapá tem o segundo maior efetivo em comparação a quantidade da população atendida. O cálculo faz parte de um levantamento feito com exclusividade pelo G1 e publicado na segunda-feira (27). O estudo apontou que existe um PM para cada grupo de 207 pessoas no estado. A taxa amapaense perde apenas para Distrito Federal, com 190 habitantes para cada militar.

O dado da corporação da PM do Amapá foi com base em números repassados pela Secretaria de Estado de Justiça e Segurança Pública (Sejusp). O dado populacional levou em consideração a estimativa de 2014, do Instituto Brasileiro de Geografia e Estatística (IBGE), que calcula a existência 750.912 habitantes.

A taxa do Amapá está muito acima da brasileira, segundo levantamento feito pelo G1. O Brasil tem atualmente um PM para cada 471 pessoas. O pior estado é Maranhão, com 816 habitantes por policial militar. Lá, o efetivo é de pouco mais de oito mil homens.

Concurso da PM

Apesar da boa taxa registrada para o Amapá, em entrevista ao G1 em junho deste ano, o comandante-geral da Polícia Militar coronel Carlos Souza apontou uma defasagem no efetivo. O número ideal, de acordo com o comandante, seria de 7.531, o que daria um PM para cada 99 pessoas.

Para minimizar a deficiência, a PM anunciou um concurso público com previsão de lançamento de edital para o segundo semestre de 2015 com pelo menos 300 novas vagas, adiantou à época o comandante-geral coronel Carlos Souza.

Mortes por PM

O G1 também divulgou nesta segunda-feira um outro levantamento envolvendo PMs. O estudo apontou que o Amapá contabilizou 25 mortes de civis em decorrência de ações policiais, resultando em 3,33 homicídios para cada 100 mil habitantes. Foi a segunda maior taxa do país. Rio de Janeiro é o primeiro, com 3,54.","Tue, 28 Jul 2015 07:00:00 GMT",http://s2.glbimg.com/nK1bQ3uaE89KX_MaMASAtTDRih0=/1200x630/s.glbimg.com/jo/g1/f/original/2013/09/06/dsc0636.jpg,"['habitantes', 'taxa', 'apontou', 'país', 'efetivo', 'levantamento', 'amapá', 'pm', 'g1', 'militar', 'segundafeira']", ,none
9,9,FL-2015-000092-BRA,"Após cinco dias, estação de água volta a funcionar em Alvorada, RS - Globo.com",http://g1.globo.com/rs/rio-grande-do-sul/noticia/2015/07/apos-cinco-dias-estacao-de-agua-volta-funcionar-em-alvorada-rs.html,"Com cerca de 210 mil habitantes sem água há cinco dias, a cidade de Alvorada, na Região Metropolitana de Porto Alegre, deverá ter o serviço retomado durante o final de semana. Na noite desta quarta-feira (24), a estação de bombeamento de água da Companhia Riograndense de Saneamento (Corsan) no município, que estava fora de operação desde a última segunda-feira (20) devido à inundação decorrente das chuvas que atingiram parte do estado nos últimos dias, voltou a funcionar. O abastecimento voltará gradativamente.

O religamento ocorreu no mesmo dia em que a Justiça negou um pedido de liminar do Ministério Público (MP) que obrigava Corsan a regularizar em 24 horas o abastecimento de água em Alvorada. Segundo a prefeitura, a água que inundava as máquinas da estação foi drenada, e uma parede foi erguida para evitar um novo alagamento no local. As máquinas foram religadas. Durante a tarde, a companhia divulgou um vídeo mostrando o alagamento nas duas estações (veja acima).

Na ação, o MP argumentava que não havia nenhuma comprovação de que a companhia estaria tomando medidas para resolver o problema e pedia que o abastecimento fosse normalizado ou, como medida paliativa, a companhia distribuísse água em caminhões-pipa para a população.

Além do próprio município, a estação de Alvorada abastece parte de Viamão. Outra estação a entrar em funcionamento foi a de Cachoeirinha, onde parte dos moradores também estavam sem água. Segundo a Corsan, para que as máquinas voltassem a operar, foi necessária a obra de interligação de adutoras próxima ao ponto de captação.

Para reduzir os transtornos causados pelo desabastecimento, a companhia está disponibilizando caminhões-pipa para a população das quatro cidades. Confira os pontos abaixo.



Locais dos caminhões-pipa

Alvorada

- Bairro São Pedro, em frente ao final da linha do ônibus;

- Bairro Santa Bárbara, na esquina das ruas Santa Bárbara com Barão do Cerro Largo;

- Bairro Centro - Fórum, Delegacia, Secretaria da Juventude, Ginásio Municipal, Smed, SICA;

- Hospital e Clínica do Rim;

- Bairro Americana – em frente à igreja na rua André Puente;

- Passo do Feijó – final da Rua Flor da Serra, em frente à Associação;

- Bairro Maria Regina – no início do bairro;

- 5 Postos de Saúde;

- Bairro Intersul - na rua Araranguá esquina com a Padre Nóbrega.

Viamão

- Aparecida (9h às 12h) - Valter Jobim esquina com Itati;

- Passo Dornelles (9h às 12h) - ao lado do Posto de Saúde – Campo do Canarinho;

- Planalto (9h às 12h) - Avenida Montenegro, em frente ao Posto de Saúde;

- Lisboa (9h às 12h) - Avenida Lisboa esquina com Jesuíno;

- Gaúcha (9h às 12h) - Rua Guararapes esquina com Visconde de Inhaúna, próximo à Escola Municipal Santos Dias;

- Tarumã (9h às 12h) - Praça da Rua José Martins;

- Santa Isabel (14h às 22h) - Praça Central

- Augusta (14h às 22h) - Escola Luciana de Abreu, na Rua Dario Gonçalves Molho;

- São Tomé (14h ás 22h) - Escola Barão de Lucena, na Rua da Saudade;

- São Lucas (14h às 22h) - Rua Orieta, ao lado do estacionamento do supermercado Pedralli;

- Santa Cecília (14h às 22h) - Coordenadoria Operacional da Corsan, na Rua José Costa Carvalho, 221;

- Loteamento Fischer (14h às 22h) - Rua Carazinho, em frente ao reservatório da Corsan.

Gravataí

- Bairro Morada do Vale I - caminhão circula na avenida Alexandrino de Alencar, Anita Garibaldi e Rev. Francisco Alves de Souza.

- Bairro Morada do Vale II - caminhão circula nas vias Silvio Freitas, Afonso Arinos e Ladeira.

- Bairro Ibiza - caminhão circula nas vias Água Turquesa, do Comércio e João Peixoto Gomes.

- Bairro Planaltina - caminhão circula na avenida Planaltina.

- Bairro Parque dos Eucaliptos - caminhão circula na rua Mal. Floriano.

- Bairro Bonsucesso – avenida dos Estados, Jorge da Costa e Fernando de Noronha.

- Caminhões também atendem a Unidades de Saúde, escolas e creches do município.

Cachoeirinha

- Bairro Bethânia, escola Fada Madrinha;

- Refeisul, no Jardim América;

- Posto de Saúde 24 Horas, na Rua Paranaguá;

- Bairro Fátima, na Escola Nossa Senhora de Fátima;

- Secretaria Municipal de Mobilidade Urbana;

- Escola Guatemala, na Rua Guatemala;

- Vila Canarinho, na Associação de Moradores;

- Escolas municipais, creches e postos de saúde.","Fri, 24 Jul 2015 07:00:00 GMT",http://s2.glbimg.com/02sEFDqYLfsrRNPaQJCZI7mofhk=/1200x630/filters:max_age(3600)/s03.video.glbimg.com/deo/vi/22/60/4346022,"['dias', 'bairro', 'frente', 'volta', '14h', 'funcionar', 'estação', 'rua', 'rs', '22h', 'saúde', '12h', '9h', 'escola', 'alvorada', 'água']", ,none
10,10,FL-2015-000092-BRA,Funcionários de UPA suspendem atendimento temendo novos roubos - Globo.com,http://g1.globo.com/ap/amapa/noticia/2015/07/funcionarios-de-upa-suspendem-atendimento-temendo-novos-roubos.html,"Posto no Novo Horizonte ficou fechado durante a madrugada (Foto: John Pacheco/G1)

Profissionais de saúde e funcionários suspenderam durante a madrugada desta terça-feira (28) os atendimentos de urgência e emergência na Unidade de Pronto Atendimento (UPA), do bairro Novo Horizonte, na Zona Norte de Macapá. O motivo, segundo eles, foi a falta de policiais militares no local e o temor de novos assaltos. Às 8h o atendimento na UPA voltou ao normal.

A ocorrência mais grave aconteceu na última quinta-feira (23) quando a unidade foi invadida na madrugada por seis suspeitos armados que agrediram, ameaçaram e roubaram pacientes e servidores que estavam trabalhando no local. Apenas um vigilante desarmado fazia a segurança da UPA.

Desde o ocorrido, a PM mantinha oficiais em revezamento no local, mas segundo a médica Helen Melo, uma equipe saiu a 1h desta terça-feira e não foi substituída, o que resultou no fechamento da UPA por parte dos funcionários. Eles permaneceram nas dependências até às 8h, após a chegada de uma guarnição que deixou um militar auxiliando na vigilância.

Segundo médicos, posto policial dentro da unidade não é usado (Foto: John Pacheco/G1)

O fechamento da unidade que atende 24 horas gerou um princípio de confusão entre pacientes que buscavam atendimento nas primeiras horas do dia. O G1 tentou contato com o comando do 2º Batalhão da PM, que atende a Zona Norte, mas não houve resposta das ligações telefônicas.

""Porque não está havendo atendimento? Pois essa é uma unidade de média complexidade, e de acordo com as normas do Ministério da Saúde deveria ter cobertura policial 24 horas. Isso é obedecido em todo o Brasil, menos aqui"", lamenta a médica.

Próximo a uma das entradas da UPA existe um posto policial entregue na inauguração da unidade em 2014, mas segundo Helen nunca foi usado. O local com acomodações para dois policias por turno permanece trancado.

Atendimento foi retomado durante a manhã na unidade em Macapá (Foto: John Pacheco/G1)

O administrador da UPA, Wenderson Leite, explica que foram feitas solicitações para o 2º BPM, mas o batalhão teria alegado falta de efetivo para manter o policiamento fixo durante 24 horas, e que os funcionários decidiram suspender os serviços até a chegada de policiais. Os pacientes eram encaminhados para o posto de saúde Marcelo Cândia, no bairro Jardim Felicidade, na Zona Norte de Macapá.

O temor de médicos e enfermeiros em trabalhar na madrugada seria por novas ameaças que os profissionais estariam sofrendo de pessoas relacionadas aos suspeitos do assalto. Alguns trabalhadores solicitaram a transferência para outros postos e hospitais.","Tue, 28 Jul 2015 07:00:00 GMT",http://s2.glbimg.com/NsisL-GRjPkpOicov6lWcNqAi74=/1200x630/s.glbimg.com/jo/g1/f/original/2015/07/28/img_1235.jpg,"['madrugada', 'upa', 'policial', 'zona', 'temendo', 'suspendem', 'saúde', 'atendimento', 'unidade', 'funcionários', 'norte', 'roubos', 'posto', 'pacientes']", ,none
11,11,FL-2015-000092-BRA,"Estudante do AP é medalha de prata em olimpíada de matemática, no Rio - Globo.com",http://g1.globo.com/ap/amapa/noticia/2015/07/estudante-do-ap-e-medalha-de-prata-em-olimpiada-de-matematica-no-rio.html,"Endrel Wesley Silva com a melhada de prata na olimpíada de matemática (Foto: Cristiane Souza/ Arquivo Pessoal)

O amapaense Endrel Wesley Silva, de 17 anos, foi o único medalhista de prata do estado na 10ª Olimpíada Brasileira de Matemática das Escolas Públicas (Obmep). Ele foi um dos 500 estudantes de escolas públicas que premiado no dia 20 de julho, em solenidade ocorrida no Teatro Municipal do Rio de Janeiro.

O adolescente, que cursa o 4º ano do curso técnico em edificações no Instituto Federal do Amapá (Ifap), em Macapá, conta que desde criança se identifica com o universo da matemática e que, apesar da tranquilidade para resolver as provas, comemora com surpresa a colocação na olimpíada.

“A matemática sempre foi a disciplina que mais gostei e essa medalha foi a realização de um sonho. Foi comovente ver o meu nome na lista, como o único medalhista de prata do Amapá, com destaque nacional, representando o meu estado. Estou muito feliz”, comemorou.

Endrel Wesley com a medalha de prata na

olimpíada de matemática (Foto: Cristiane Souza/

Arquivo Pessoal)

O estudante explica que esta é a quinta olimpíada que participa, mas foi primeira premiação que recebeu. De acordo com ele, a preparação para a etapa nacional incluiu uma intensa rotina de estudos, inclusive nos finais de semana, na Universidade Federal do Amapá (Unifap). Ele completa que o próximo desafio é conquistar a medalha de ouro.

“Quando fiz a olimpíada pela primeira vez, ganhei a menção honrosa, o que me permitiu estudar matemática aos sábados na Unifap. Ao longo de cinco anos me preparei, com provas, estudando também nos finais de semana e em fóruns online. Com isso, pude ter uma boa preparação. Tenho ótimas expectativas para o ouro nos próximos anos”, relatou o jovem.

O aluno conta que ao longo de sua formação, recebeu o apoio da família para participar de competições de matemática em diversos estados do Brasil. Em julho, ele participou da Feira Nacional de Matemática, em Jaraguá do Sul, Santa Catarina.

“Minha família sempre me ajuda no que é necessário. Esse ano minha mãe arranjou dinheiro, com dificuldades, e comprou a passagem para eu ir para Jaraguá do Sul. Felizmente tudo deu certo”, disse.

A mãe de Endrel, Jeandra Silva, diz estar emocionada com o desempenho do filho na competição nacional. Ela garante que ele sempre foi um aluno dedicado.

“Foi muito emocionante, e gratificante, chorei muito no dia do evento, pois meu filho sempre estudou em escola pública e é um menino apaixonado por matemática. Ele ser premiado, representando o estado é simplesmente fantástico”, contou Jeandra Silva.

Nas horas vagas, o estudante diz que gosta ir ao cinema e jogar no computador. Ele ressalta que gosta também de se dedica ao laboratório de matemática do Ifap e a futuros projetos, voltados para as ciências exatas.

“Meus projetos e realizações estão bem voltadas para essa área, que é uma paixão. Atualmente minha vida é dedicada para os estudos e pretendo seguir carreira neste setor”, enfatizou.

Obmep

Em 2014, mais de 8 milhões de alunos de 46.698 escolas de todo o país se inscreveram na 10ª Obmep. Para participar, os estudantes deveriam estar matriculados da 6ª a 9ª série do ensino o ensino fundamental e nos três anos do ensino médio de escolas públicas. Os 6.500 jovens com maiores pontuações na segunda fase da olimpíada receberam medalhas, de ouro, prata e bronze.

Os medalhistas também receberão bolsas de iniciação científica e poderão se candidatar ao Programa de Iniciação Científica e de Mestrado (PICME), quando estiverem matriculados no ensino superior. De acordo com o portal da Obmep, outros 61 alunos amapaenses receberam medalhas de bronze.

Estudante recebeu premiação em cerimônia no Rio de Janeiro (Foto: Cristiane Souza/ Arquivo Pessoal)","Sun, 26 Jul 2015 07:00:00 GMT",http://s2.glbimg.com/hjKEYwp4L_0rzVDWW1gwno4gsgM=/1200x630/s.glbimg.com/jo/g1/f/original/2015/07/23/endrel.jpg,"['matemática', 'ensino', 'escolas', 'ap', 'recebeu', 'estudante', 'wesley', 'nacional', 'rio', 'prata', 'públicas', 'medalha', 'olimpíada', 'silva']", ,none
12,12,FL-2015-000092-BRA,"Após cheia e falta de água, Alvorada terá apoio da Força Nacional do SUS - Globo.com",http://g1.globo.com/rs/rio-grande-do-sul/noticia/2015/07/apos-cheia-e-falta-de-agua-alvorada-tera-apoio-da-forca-nacional-do-sus.html,"Continua o trabalho de mobilização da defesa civil e voluntários no bairro de Americana, em Alvorada

(Foto: EVERTON SILVEIRA/RAW IMAGE/ESTADÃO CONTEÚDO)

A Prefeitura de Alvorada, na Região Metropolitana de Porto Alegre, contará neste final de semana com apoio da Força Nacional do SUS. O Ministério da Saúde atendeu a um pedido feito neste sábado (25) pelo município, com intermediação do secretário estadual da Saúde, João Gabbardo dos Reis. A cidade sofre com os efeitos das chuvas que atingiram o Rio Grande do Sul nas últimas semanas e a falta de água potável, consequência do alagamento de uma estação de bombeamento. Ao todo, 67 municípios foram atingidos pela chuva no estado.

Uma equipe integrante da Força Nacional seria encaminhada ao município até este domingo (26). Além dos profissionais de saúde, também seriam enviados kits de medicamentos e insumos com capacidade para atender cerca de 1,5 mil pessoas por mês.

A falta de água ocorreu porque a estação de bombeamento de água da Companhia Riograndense de Saneamento (Corsan), que atende Alvorada e parte de Viamão, estava fora de operação desde a última segunda (20), devido à inundação decorrente das chuvas que atingiram parte do estado. Na noite da última sexta (24), ela voltou a funcionar, o que retomaria o abastecimento gradativamente na cidade, segundo a prefeitura.

O religamento ocorreu no mesmo dia em que a Justiça negou um pedido de liminar do Ministério Público (MP) que obrigava Corsan a regularizar o abastecimento em 24 horas. Segundo a prefeitura, a água que inundava as máquinas da estação foi drenada, e uma parede foi erguida para evitar um novo alagamento no local. Alguns bairros dos municípios já estão com o abastecimento normalizado e o sistema deve voltar a funcionar totalmente neste final de semana.

O abastecimento também deve ser retomado neste sábado (25) e domingo (26) em Cachoeirinha e Gravataí. A interligação de adutoras próxima ao ponto de captação de Cachoeirinha foi concluída na tarde de sexta-feira (24) e já entrou em operação. Com isso, o sistema integrado dos dois municípios deve ser normalizado gradativamente.

A obra foi necessária para desviar o fluxo da Estação de Bombeamento de Água Bruta (EBAB), que foi inundada pelas chuvas e impossibilitou que os motores fossem ligados. Parte da água produzida na ETA de Cachoeirinha chega nela depois de passar pela referida EBAB, que está alagada. Em situações normais, essa água chega à EBAB por meio de uma adutora e, através de outra, é bombeada para a ETA. As duas tubulações foram interligadas, o que fará a água chegar à estação de tratamento sem precisar passar pela área inundada.

Mergulhadores auxiliaram nos trabalhos junto à obra de interligação de adutoras em Cachoeirinha (Foto: Divulgação/Prefeitura Municipal de Cachoeirinha)","Sat, 25 Jul 2015 07:00:00 GMT",http://s2.glbimg.com/ZI6DS74TK19Iw-Z2VCWUhlneDSk=/1200x630/s.glbimg.com/jo/g1/f/original/2015/07/25/unnamed_1.jpg,"['bombeamento', 'municípios', 'chuvas', '24', 'estação', 'sus', 'nacional', 'cachoeirinha', 'saúde', 'abastecimento', 'alvorada', 'força', 'cheia', 'água', 'ebab']", ,none
13,13,FL-2015-000092-BRA,"Dois barcos com destino a Afuá são multados pelo Procon, em Macapá - Globo.com",http://g1.globo.com/ap/amapa/noticia/2015/07/dois-barcos-com-destino-afua-sao-multados-pelo-procon-em-macapa.html,"Movimento na rampa do Santa Inês na manhã desta sexta-feira (24) (Foto: Reprodução/Rede Amazônica)

As fiscalizações que acompanham o movimento na rampa do Santa Inês, na orla de Macapá, multaram nesta sexta-feira (24) duas embarcações que partiam com destino ao município paraense de Afuá, onde acontece o tradicional Festival do Camarão, que segue até o domingo (26). Em um dos barcos não havia informações sobre acomodações e nem o Código de Defesa do Consumidor.

Em outra embarcação, os fiscais do Instituto de Defesa do Consumidor (Procon-AP) identificaram palmitos e azeitonas, que seriam comercializados durante a viagem, com o prazo de validade vencido desde o dia 3 de maio. O material foi apreendido e será descartado.

Aliementos apreendidos estavam com prazo de validade vencidos (Foto: John Pacheco/G1)

O Procon também fiscaliza os locais de vendas de passagens que desde o início da semana estão disponibilizando bilhetes. A expectativa é que 12 mil pessoas saiam da capital com destino ao município paraense. As equipes tentam coibir a venda acima da capacidade dos barcos, a comercialização de passagens falsas e o descumprimento de horários.

""Após a constatação das irregularidades, as duas empresas receberam o auto de infração e vão pagar multa. Elas têm um prazo para se defender e a multa equivale ao grau da situação que será calculado posteriormente"", reforça Marcela Queiroz, chefe de fiscalização do Procon.

A lotação e a capacidade das embarcações, que chegam a levar até 400 pessoas de uma só vez, são acompanhadas de forma permanente pela Marinha do Brasil, onde oficiais monitoram o embarque e desembarque de passageiros. Um navio patrulha foi enviado para a cidade paraense com o objetivo de realizar a contagem das pessoas que partem da capital em relação às que chegam em Afuá.

O capitão dos portos do Amapá, Lúcio Marques Ribeiro, disse que os responsáveis pelos barcos serão notificados em caso de irregularidades na lotação, número de coletes e botes salva-vidas e sobrecarga.

""Vamos verificar a tripulação completa de acordo com o que consta nos documentos da embarcação, e tudo tem que estar certo. Muitas embarcações andam muito próximas umas das outras com risco para os passageiros. Para evitar esses problemas vamos atuar com o navio patrulha "", reforçou Ribeiro.","Fri, 24 Jul 2015 07:00:00 GMT",http://s2.glbimg.com/LW8cPN9hXs9hgHluyXPE3rigbi0=/1200x630/s.glbimg.com/jo/g1/f/original/2015/07/24/image1.jpg,"['rampa', 'sextafeira', 'santa', 'ribeiro', 'destino', 'validade', 'multados', 'prazo', 'macapá', 'afuá', 'procon', 'embarcações', 'paraense', 'patrulha', 'barcos']", ,none
14,14,FL-2015-000092-BRA,Metrô paga R$ 52 mil por mês para vigiar obra abandonada em Brasília - Globo.com,http://g1.globo.com/distrito-federal/noticia/2015/07/metro-paga-r-52-mil-por-mes-para-vigiar-obra-abandonada-em-brasilia.html,"Material de construção e galpão enferrujados, abandonados há 5 anos (Foto: Gabriel Luiz/G1)

O governo do Distrito Federal gasta pelo menos R$ 52,4 mil por mês para vigiar um canteiro de obras abandonado na Asa Sul que faria parte do complexo do Veículo Leve sobre Trilhos (VLT). Considerando os cinco anos que a obra está parada, a despesa chega a cerca de R$ 3 milhões — valor suficiente para construir um sistema contra inundação num viaduto em Ceilândia, anunciado pelo governador Rodrigo Rollemberg no começo do ano, uma creche com 112 vagas ou cerca de 60 casas populares em Sobradinho.

Os valores, solicitados pelo G1, são referentes aos gastos do GDF com água, luz e quatro vigilantes terceirizados responsáveis por fiscalizar uma área de 30 hectares, que pertence ao Metrô. Previsto para custar R$ 700 milhões até o funcionamento do VLT, o governo terminou desembolsando cerca de R$ 50 milhões no projeto, segundo o Metrô.

Esses R$ 50 mil por mês em face de quase R$ 2 bilhões que vamos ter de investimento estratégico é nada” Daniela Diniz,

diretora do Metrô

Em 2010, a 7ª Vara de Fazenda Pública decidiu paralisar as obras do VLT por suspeita de irregularidades na licitação. A Justiça entendeu que houve fraude no processo que escolheu o consórcio vencedor da disputa. À época, o Ministério Público do DF apontou que houve direcionamento para privilegiar empresários e empresas ligadas a ex-gestor da companhia.

Para a diretora da empresa Daniela Diniz, o gasto com vigilante é justificado. Segundo ela, enquanto a Justiça não emite uma decisão definitiva sobre a propriedade do material de construção abandonado, é preciso proteger o patrimônio. Ela também afirmou que o canteiro de obras, que conta com uma estrutura de um galpão enferrujado, é uma área estratégica para as futuras ações do Metrô.

De acordo com Daniela, o espaço servirá como “canteiro central” de manutenção da companhia. Ele será usado para fabricação de trilhos e deve abrigar trabalhadores nas obras de expansão do Metrô e nas futuras linhas do VLT que passarem pelo Plano Piloto, afirmou a diretora, funcionária de carreira do órgão desde 1998.

“Eles não estão só vigiando pedaços de ferro abandonado. Se colocar os custos e benefícios, os benefícios serão extremamente maiores do que isso. Caso perdêssemos essa área, depois teríamos que alugar outro local para instalar os canteiros de obra”, disse a diretora. “Esses R$ 50 mil por mês em face de quase R$ 2 bilhões que vamos ter de investimento estratégico é nada.”

Estrutura metálica em obra parada; material está enferrujado superficialmente, diz perícia contratada pelo Metrô (Foto: Gabriel Luiz/G1)

Reaproveitamento

Em 2013, a pedido do Metrô, uma perícia técnica apontou que o material da obra só estava enferrujado superficialmente e que necessitava de pequeno tratamento para que pudesse ser reaproveitado. Segundo a diretora Daniela Diniz, caso a Justiça decida que o patrimônio pertence à companhia, o que puder será reutilizado.

Ela disse que no segundo semestre deste ano serão licitados estudos para avaliar o traçado do VLT que ligará a W3 Norte à Sul e outra linha prevista para passar pelo Sudoeste, Cruzeiro, Octogonal e Setor de Indústria Gráfica. Custeadas pela União, as análises poderão dizer se é possível incorporar estruturas já construídas, como o galpão abandonado. “Temos o interesse em aproveitar o máximo possível. Aquele galpão será analisado e vai ser aproveitado”, afirmou.

Para Daniela Diniz, é do interesse do Metrô que a Justiça se posicione logo sobre a propriedade do material “para que o passado não contamine o presente”. “Quem ganhar a próxima obra [na licitação] não tem nada a ver com o passado. Que isso seja um problema de Estado e não da próxima licitação, porque senão ninguém entra e o VLT não sai”, argumentou a diretora. “Temos que desvincular o que é problema de Estado antigo de novos investimentos.”

O Tribunal de Justiça do Distrito Federal, onde a ação está sendo julgada, afirmou que não comenta processo em andamento.

Entrada da área do Metrô, protegida por vigilantes

terceirizados (Foto: Gabriel Luiz/G1)

Canteiro ocupado

O espaço considerado estratégico pelo Metrô não abriga somente vigas e material de siderurgia enferrujados. No local também vivem cerca de dez famílias de forma irregular, segundo o governo. Uma das moradoras é Maria de Lurdes da Silva, que se instalou por lá há 24 anos — servindo quentinhas a operários quando a primeira linha do Metrô era construída. Hoje ela está desempregada.

“Entrou governo e saiu governo e ainda estou aqui”, afirmou a mulher, de 65 anos. Maria de Lurdes relatou sofrer depressão por viver na iminência de ser despejada. Em 2009, a Agência de Fiscalização do DF (Agefis) tentou removê-la, mas ela conseguiu liminar para permanecer no canteiro. Mesmo sendo considerada invasora pelo governo, a mulher recebe conta de luz no nome dela. “Estou em situação irregular sim, mas não sou invasora”, desabafou. “Se eu tivesse onde morar, sairia daqui porque a pressão é muito grande.”

Estou em situação irregular sim, mas não sou invasora” Maria de Lurdes da Silva,

moradora do canteiro

Apesar de o Metrô pagar vigilantes para proteger o local, Maria de Lurdes relatou que a área já foi invadida diversas vezes. “Arrombaram minha porta duas vezes enquanto estava na igreja. Já peguei duas vezes um carroceiro vindo roubar ferro da construção”, contou. “Fora que aqui perto tem um salão de festas e na falta de motel por perto, o povo vem de carro pra cá.”

A direção do Metrô disse não haver provas de que houve furtos na região e que o fato será analisado durante a execução das futuras obras, com base nos relatórios da perícia feita no canteiro. Segundo a companhia, a perícia avaliou a quantidade e a qualidade do material que foi deixado no canteiro.

A Agefis informou que recebeu o pedido de remoção das famílias em junho e que vai verificar se elas se enquadram em alguma política habitacional ou social antes de desocupar a área. A Secretaria de Desenvolvimento Humano e Social ressaltou que o governo já realizou abordagens no local, informando às famílias os benefícios a que podem ter acesso.

Moradora do canteiro, Maria de Lurdes mostra documentos que pedem a saída dela (Foto: Gabriel Luiz/G1)","Sun, 19 Jul 2015 07:00:00 GMT",http://s2.glbimg.com/Kw7U18sIO1A5XTusSPiV1nDD2Hc=/1200x630/s.glbimg.com/jo/g1/f/original/2015/07/17/metroabandonado1_1.jpg,"['abandonada', 'metrô', 'vlt', 'paga', 'justiça', '52', 'obras', 'material', 'vigiar', 'maria', 'lurdes', 'brasília', 'r', 'canteiro', 'governo']", ,none
15,15,FL-2015-000092-BRA,"Brics inaugura seu banco de desenvolvimento, desafiando a hegemonia ocidental - Estado de Minas","https://www.em.com.br/app/noticia/internacional/2015/07/21/interna_internacional,670749/brics-inaugura-seu-banco-de-desenvolvimento-desafiando-a-hegemonia-ocidental.shtml","O novo Banco de Desenvolvimento dos Brics foi inaugurado nesta terça-feira, em Xangai, com o objetivo de que os países emergentes possam se financiar através de um sistema alternativo às instituições internacionais, dominadas pelos Estados Unidos.

A instituição internacional, fundada pelos cinco países Brics (Brasil, Rússia, Índia, China e África do Sul), tem um capital calculado em 100 bilhões de dólares e financiará grandes projetos de infraestruturas de interesse geral nos países que solicitarem ajuda.

Os cinco países do grupo representam 40% da população mundial e um quinto do Produto Interno Bruto (PIB) do planeta.

A criação do banco é uma tentativa de romper a hegemonia de instituições financeiras como o Fundo Monetário Internacional (FMI) e o Banco Mundial (BM), acusados de não levar em conta as nações emergentes.

O novo banco, cuja criação foi anunciada em julho de 2014, estará presidido por um ex-banqueiro indiano, K.V Kamath, nomeado em maio para um mandato de cinco anos.

Kamath, um profissional experiente que dirigiu durante 13 anos o banco ICICI, também trabalhou no Banco Asiático de Desenvolvimento.

A abertura do banco dos Brics chega duas semanas depois de uma cúpula dos cinco países, organizada na cidade russa de Ufa sob patrocínio do presidente russo, Vladimir Putin.

Rússia, cuja economia foi muito afetada pelas sanções relacionadas com conflito na Ucrânia e a queda do rublo, espera que o novo banco e suas reservas de divisas sirvam para limitar a influência do FMI e do BM.

Na cúpula de Ufa, o ministro das Relações Exteriores russo Serguei Lavrov, destacou que os Brics ""ilustram um novo sistema de relações internacionais multipolares e demonstram a crescente influência dos novos centros de poder"".

A China, segunda maior economia do mundo, inaugurou outra instituição financeira multilateral, o Banco Asiático de Investimento em Infraestruturas (BAII), com sede em Pequim.

O BAII tem também um capital de 100 bilhões de dólares e foi criado no final de junho por cinquenta Estados, entre eles vários países ocidentais, como França, Alemanha e Reino Unido, embora a China seja o principal contribuinte com 30% de participação.

Os Estados Unidos e o Japão não participam da instituição.

- Concorrência e complementariedade -

Segundo o ministro chinês da Economia, Lou Jiwei, tanto o banco de desenvolvimento como o BAII não farão concorrência com outras instituições similares.

""O banco dos Brics trabalhará de modo positivo e complementar com o sistema financeiro existente e buscará inovações na governança"", afirmou o ministro citado pela agência oficial Xinhua.

As operações da nova instituição não começarão até o final de 2015 ou incício de 2016.

A criação do banco de desenvolvimento dos Brics supõe uma mudança significativa no sistema de governança econômica mundial embora, segundo os especialistas, não conseguirá substituir o sistema atual, criado depois da Segunda Guerra Mundial e dominado pelos ocidentais.

O Fundo Monetário Internacional e o Banco Mundial continuam sendo os pilares do sistema financeiro mundial, ajudando os países em dificuldades ou apoiando projetos de desenvolvimento.

Essas instituições, criadas pelos acordos de Bretton Woods de 1944, foram criticadas com frequência, em particular porque desde então tanto o Banco Mundial como o FMI só têm presidentes europeus ou norte-americanos.

Dentro do FMI, por exemplo, a China tem o mesmo peso do que a Itália, país com uma economia muito menos expressiva no contexto global.","Tue, 21 Jul 2015 07:00:00 GMT",https://imgs.em.com.br/estadodeminas/logo_face.png,"['banco', 'hegemonia', 'instituição', 'brics', 'ocidental', 'instituições', 'china', 'ministro', 'mundial', 'desafiando', 'desenvolvimento', 'inaugura', 'fmi', 'países', 'economia']", ,none
16,16,FL-2015-000092-BRA,"Morre Wayne Carson, autor de 'Always On My Mind' - Estado de Minas","https://www.em.com.br/app/noticia/internacional/2015/07/21/interna_internacional,670595/morre-wayne-carson-autor-de-always-on-my-mind.shtml","Wayne Carson, compositor de sucessos como ""Always On My Mind"", interpretado por Elvis Presley, morreu aos 72 anos, informou nesta segunda-feira o jornal Springfield New-Leader, do Missouri.

O compositor sofria de diabetes, problemas cardíacos e cálculos renais, lembrou sua mulher, Wyndi Harp Head, que comunicou o falecimento ao jornal.

""Nossa comunidade musical perdeu um imenso talento muito cedo"", disse em um comunicado Neil Portnow, presidente da National Academy of Recording Arts and Sciences, que entregou dois prêmios Grammy ao compositor.

Wayne Carson contava que escreveu ""Always On My Mind"" em 10 minutos em sua cozinha, sem pensar a princípio que era necessário um interlúdio na canção.

Pressionado por seu produtor, escreveu rapidamente o interlúdio da canção interpretada por Elvis Presley em 1972: ""Tell me, tell me that your sweet love hasn't died"".

Nascido em Denver (Colorado), Wayne Carson tocava piano, guitarra, baixo e bateria.","Tue, 21 Jul 2015 07:00:00 GMT",https://imgs.em.com.br/estadodeminas/logo_face.png,"['my', 'interlúdio', 'morre', 'presley', 'always', 'elvis', 'on', 'mind', 'autor', 'carson', 'tell', 'wayne', 'escreveu']", ,none
17,17,FL-2015-000092-BRA,Projeto Piraçaí: Alternativa para propriedades com pouco recurso hídrico - TudoRondônia.com,"https://www.tudorondonia.com/noticias/projeto-piracai-alternativa-para-propriedades-com-pouco-recurso-hidrico,53664.shtml","No início deste ano acompanhou-se, através dos noticiários, a preocupação com os baixos níveis dos reservatórios brasileiros, em especial nos estados do sudeste, e possíveis conseqüências com racionamento de água e energia elétrica. Há pouco mais de um ano, em Rondônia, o efeito foi inverso, mas também catastrófico. As cheias causadas pela elevação do nível do Rio Madeira trouxe preocupação sobre possíveis contaminações. Seja na cheia ou na estiagem a água sempre está em primeiro plano no desenvolvimento de uma região e pode gerar muitos prejuízos com queda na produção e na produtividade agropecuária.



Considerado um berço de águas, o Brasil conta com 12% de água doce do planeta, e ainda assim, os recursos hídricos não estão sendo bem aplicados. Segundo pesquisa da Organização das Nações Unidas para a Agricultura e Alimentação (FAO), “cerca de 70% da água do Brasil é utilizada na agricultura e quase metade dessa água é desperdiçada.”



Uma das grandes vilãs desse desperdício é a irrigação na agricultura, causado por manejos inadequados com consumo exagerado do recurso natural. Uma fonte alternativa para evitar esse desperdício seria a captação da água da chuva, mas em Porto Velho, mais especificamente no Projeto de Reassentamento Santa Rita, o produtor Domingos Mendes da Silva encontrou outra solução: Integrar sua produção de pirarucu à lavoura do açaí, surgindo assim o Projeto Piraçaí.



PR Santa Rita

A construção da hidrelétrica de Santo Antônio, no Rio Madeira, previa a inundação de parte da área do Projeto de Assentamento Joana D’Arc, localizada em Porto Velho. Em meados de 2011, as famílias que ali residiam precisaram ser remanejadas. O local escolhido foi uma área de fazenda de pastagem cuja área encontrava-se em estado de degradação.



O Projeto de Reassentamento (PR) Santa Rita recebeu, em sua totalidade, 135 famílias de produtores rurais. Cada uma recebeu um lote de 10 hectares com dois hectares de mandioca plantada e mais área de reserva legal. Para orientar e assegurar a sobrevivência dessas famílias em suas novas propriedades a Santo Antônio Energia firmou um contrato com a Emater-RO, que disponibilizou extensionistas para atuarem na área.



Segundo o gerente técnico da Emater-RO, Janderson Rodrigues Dalazen, a primeira ação dos extensionistas foi visitar cada propriedade e, junto com a família, definir as vocações e viabilidade de produção local. A maioria optou por frutíferas e hortaliças, além da mandioca que já estava plantada no lote. “Na época, apenas o produtor Domingos manifestou interesse na implantação de piscicultura em sua propriedade”, explica Janderson.



Piscicultura em tanques-lona

Considerada uma das prioridades para o desenvolvimento econômico local a atividade piscícola recebeu, nos últimos anos, um reforço do governo estadual. Com produção de aproximadamente 12 mil toneladas/anos de pescado/ano em meados de 2010, Rondônia produz hoje mais de 80 mil toneladas, das quais, 5.200 são produzidas em Porto Velho.



O sonho de trabalhar com piscicultura já era antigo e o produtor Domingos Mendes da Silva foi persistente. Ele conta que o início não foi muito fácil. Sem experiência para trabalhar com a atividade ele precisou passar por capacitações técnicas. Também, devido à área reduzida de recursos hídricos, o mesmo foi orientado a iniciar a atividade em tanques de lona.



Com essa técnica, devido à maior aeração da água, o peixe tem condições de se desenvolver melhor em menos tempo, quando comparado à produção em tanques escavados ou em tanques-rede. “São 50 quilos de peixe/m3 enquanto que o normal é de 1 quilo/m3”, explica Janderson, o gerente da Emater.



Outra orientação foi na escolha da espécie a ser criada. Janderson explica que, além de o pirarucu ser uma espécie nativa, é de fácil adaptação em tanques de lona, já que utiliza respiração aeróbica, tem facilidade de manejo e se desenvolve mais rápido que outras espécies.



Hoje, o produtor trabalha com quatro tanques lona de 50 mil litros e dois menores de apoio. Sua primeira despesca deu-se recentemente, com a venda de oito toneladas de pirarucu para a empresa “Rondônia Alimentos” que, com o apoio do governo estadual por meio da Secretaria de Estado da Agricultura, Pecuária, Desenvolvimento e Regularização Fundiária (Seagri), está em processo de instalação de um complexo industrial no estado.



Diversificação e integração

Além do sonho de investir em piscicultura, Domingos investiu no plantio de frutíferas em sua propriedade, mais especificamente, na produção de açaí. Hoje sua área já conta com 500 pés de açaí e outras frutíferas em menor escala.



A maior dificuldade para desenvolvimento do plantio estava na irrigação da área e na deficiência de minerais do solo. Foi quando surgiu a ideia de uma integração entre as atividades de piscicultura e fruticultura.



Como o sistema de tanques em lona permite que a água possa circular e ser reaproveitada a ideia era utilizar essa água na irrigação do açaí, com a vantagem que a água já chega fertilizada com os resíduos produzidos pelos peixes e pela sobra de ração nos tanques. Para isso foi feito um desvio canalizando a água para o pomar. O resultado, segundo o produtor, é excelente, pois o açaí, que normalmente começa a produzir a partir do terceiro ano, já produzia com pouco mais de dois.



A experiência deu certo e tem atraído olhares de outros produtores. No mesmo Projeto de Reassentamento Santa Rita, o produtor Francisco Nobre optou por pirarucu, açaí, banana e coco e Antônio Nunes está trabalhando com pirarucu e olericultura. Antônio Varini, do Projeto de Assentamento São Domingos também aderiu à ideia e está investindo na integração entre pirarucu, açaí e hortaliças.



Wania Ressutti","Mon, 20 Jul 2015 07:00:00 GMT",http://www.tudorondonia.com.br/splash.jpg,"['piscicultura', 'produção', 'propriedades', 'alternativa', 'pirarucu', 'domingos', 'santa', 'hídrico', 'tanques', 'recurso', 'produtor', 'piraçaí', 'açaí', 'projeto', 'água']", ,none
18,18,FL-2015-000092-BRA,A Odebrecht e o BNDES - Carta Maior,https://www.cartamaior.com.br/?/Editoria/Politica/A-Odebrecht-e-o-BNDES/4/34047,nan,"Wed, 22 Jul 2015 07:00:00 GMT",https://www.cartamaior.com.br/arquivosCartaMaior/FOTO/161/8C7673FD30736483CC64EFB538EFF34A6E10376FAB16C3E3774ABDD0282F11E7.png,"['bndes', 'odebrecht']", ,none
19,19,FL-2015-000092-BRA,A China é um casino. Como investir sem perder todas as fichas? - Observador,https://observador.pt/especiais/china-um-casino-investir-sem-perder-todas-as-fichas/,nan,"Sun, 19 Jul 2015 07:00:00 GMT",,[], ,none
20,20,FL-2015-000092-BRA,Tribunal de Espinho vai receber mega-julgamentos da comarca de Aveiro - Notícias ao Minuto,https://www.noticiasaominuto.com/pais/424240/tribunal-de-espinho-vai-receber-mega-julgamentos-da-comarca-de-aveiro,"""O Tribunal vai entrar em obras de remodelação e ampliação de forma a receber os designados 'mega-julgamentos', ficando apetrechado com uma sala de audiências com capacidade para 36 advogados, 70 arguidos e outros intervenientes processuais"", anuncia a Câmara Municipal em comunicado.

""O primeiro desses julgamentos está marcado para o dia 03 de setembro e terá três sessões semanais, revelou o juiz-coordenador do Tribunal de Santa Maria da Feira, Luís Miguel Martins"", acrescenta o documento.

A medida corresponde às pretensões do presidente da Câmara de Espinho, Pinto Moreira, que desde o início da recente reforma judicial vinha defendendo um melhor aproveitamento das funcionalidades do edifício, dada a sua ""funcionalidade, localização e acessibilidade"".

A autarquia considera, por isso, a decisão da tutela ""visa aproveitar as potencialidades e a capacidade instalada do edifício"" e, simultaneamente, ""aliviar outras estruturas judiciais da Comarca de Aveiro"".

O mesmo comunicado afirma que o presidente da Câmara ""não vai desistir de trazer para o Tribunal de Espinho as competências na área do Direito de Família e Menores"", mas, entretanto, classifica já a adaptação do imóvel a grandes processos judiciais como ""uma excelente notícia que vai permitir rentabilizar o edifício.

As obras deverão começar ainda esta semana e, segundo a autarquia, ""serão suportadas pelo Ministério da Justiça"".

Recomendados para si","Mon, 20 Jul 2015 07:00:00 GMT",https://media-manager.noticiasaominuto.com/1280/1438675287/naom_511be8ad1c641.jpg,"['judiciais', 'visa', 'tribunal', 'edifício', 'megajulgamentos', 'obras', 'capacidade', 'câmara', 'aveiro', 'presidente', 'receber', 'espinho', 'comarca', 'autarquia']", ,none
