,ID,title,time,keywords,data_source,category,country,source_URL,body,language
0,0,Is the American West in a megadrought? - The Economist,"Tue, 15 Jun 2021 07:00:00 GMT","['region', 'dry', 'smerdon', 'southwest', 'snowpack', 'drought', 'west', 'water', 'american', 'states', 'megadrought']",news_article,Drought,United States of America (the),https://www.economist.com/the-economist-explains/2021/06/15/is-the-american-west-in-a-megadrought,"AMERICA‚ÄôS WESTERN states are burning‚Äîagain. After an extremely dry 2020 and a spring heatwave, fires are blazing across the south-west. Lake Mead, the country‚Äôs largest reservoir, hit its lowest-ever water level on June 9th. Utah‚Äôs governor recently invited his constituents to ‚Äúpray for rain‚Äù. Drought and wildfire are perennial characteristics of the American West, but in the past year conditions have worsened dramatically. Is the region experiencing a megadrought?

The Economist Today Hand-picked stories, in your inbox A daily email with the best of our journalism Sign up

The definition of megadrought varies, but it is usually understood to be a multi-decade period of intense aridity. Jason Smerdon, a paleoclimatologist at Columbia University‚Äôs Lamont-Doherty Earth Observatory, says the defining feature of a megadrought is its length. Because the current drought can be traced back to 2000, Mr Smerdon suggests it is an ‚Äúemerging megadrought.‚Äù But that is not to understate its severity. A paper published in Science last year found that 2000-2018 was the second-driest 19-year period for the south-west in the past 1,200 years, exceeded only by a megadrought in the late 1500s.

There are two main reasons things look so dire. The first concerns natural weather patterns. La Ni√±a events, when cooler surface temperatures in the Pacific Ocean push the polar jet stream north, tend to coincide with drought in the American south-west. Successive La Ni√±a events are largely to blame for previous megadroughts, says Mr Smerdon. But it‚Äôs not just the south-west that is suffering. Hot and dry conditions have plagued the Pacific Northwest for the past year as well affecting states such as Oregon and Washington. Indeed, the most striking feature of the current drought may be its geographic spread. Whereas the drought in the 1500s was mostly concentrated in the Four Corners region‚Äîwhere Arizona, Colorado, New Mexico and Utah meet‚Äîtoday‚Äôs drought encompasses most of the area west of the continental divide, most of which runs along the Rockies. The United States Drought Monitor estimates that as of June 10th 97% of the region was at least ‚Äúabnormally dry‚Äù, and 55% was experiencing ‚Äúextreme‚Äù or ‚Äúexceptional‚Äù drought (see map).

Climate change is also to blame. The water that fills the country‚Äôs biggest reservoirs comes from melting snowpack, which is delivered to Lake Mead, for example, via the Colorado River. But average snowpack across the West has been decreasing for decades as rising carbon-dioxide emissions have led to warmer winters. Dan McEvoy, a climatologist at the Western Regional Climate Centre in Reno, Nevada, observed record melt rates in the first two weeks of April throughout the West. Snowpack in California was at 0% of normal as of June 1st‚Äîit had all melted four to five weeks ahead of time.

The effects of such a climate cocktail can be wide-ranging. Severe drought can decrease streamflows and increase river temperatures. This can harm local species, deprive forests and soils of nutrients, and heighten the risk and severity of wildfires. Officials across the region fret that a long and dangerous fire season looms. Some states and counties are already imposing water restrictions.

Questions about water scarcity have long been central to the region. When white settlers were lured west in the 19th century it was, in part, by promises of irrigable farmland‚Äîthough the land they would attempt to tame was mountainous and arid. Writing in 1980, Wallace Stegner, a novelist, warned that ‚Äúthe history of the West until recently has been a history of the importation of humid-land habits...into a dry land that will not tolerate them‚Äù. Climate change has only upped the stakes. The amount of water available to westerners may be shrinking, but eight of the ten fastest-growing states in the last decade are west of the Mississippi River.",English
1,1,Maps Show the Severe Drought Gripping California and the West - The New York Times,"Fri, 11 Jun 2021 07:00:00 GMT","['dry', '2021', 'recent', 'extreme', 'western', 'snowpack', 'drought', 'severe', 'reflects', 'record', 'usual']",news_article,Drought,United States of America (the),https://www.nytimes.com/interactive/2021/06/11/climate/california-western-drought-map.html,"An intense drought is gripping the American West. Extreme conditions are more widespread than at any point in at least 20 years, according to the U.S. Drought Monitor, the government‚Äôs official drought-tracking service.

And the hottest months of summer are still to come.

Early June Drought Conditions in the West Exceptional drought Extreme Severe Moderate Abnormally dry 2021 2020 2019 2018 2017 2016 2015 2014 2013 2012 2011 2010 2009 2008 2007 2006 2005 2004 2003 2002 2001 2000 Exceptional drought Extreme Severe Moderate Abnormally dry 2021 2020 2019 2018 2017 2016 2015 2014 2013 2012 2011 2010 2009 2008 2007 2006 2005 2004 2003 2002 2001 2000 Exceptional drought Extreme Severe Moderate Abnormally dry 2021 2020 2019 2018 2017 2016 2015 2014 2013 2012 2011 2010 2009 2008 2007 2003 2002 2006 2005 2004 2001 2000 Exceptional drought Extreme Severe Moderate Abnormally dry 2021 2020 2019 2018 2017 2016 2015 2014 2013 2012 2011 2010 2009 2008 2007 2003 2002 2006 2005 2004 2001 2000 Abnormally dry Exceptional drought Extreme Severe Moderate 2021 2020 2019 2018 2016 2015 2014 2017 2013 2012 2011 2010 2006 2009 2008 2007 2003 2002 2005 2004 2001 2000 Exceptional drought Extreme Severe Moderate Abnormally dry 2021 2020 2019 2018 2016 2015 2014 2017 2013 2012 2011 2010 2006 2009 2008 2007 2003 2002 2005 2004 2001 2000 Exceptional drought Extreme Severe Abnormally dry Moderate 2021 2020 2019 2018 2016 2015 2014 2017 2013 2012 2011 2010 2006 2009 2008 2007 2003 2002 2005 2004 2001 2000 Source: U.S. Drought Monitor ¬∑ Conditions during the first week of June.

‚ÄúIt‚Äôs an alarming picture,‚Äù said Daniel Swain, a climate scientist at the University of California, Los Angeles, who studies how global warming affects extreme weather events.

Across the region, reservoir levels are near record lows and mountain snowpack, which slowly releases water in the spring and summer, is largely depleted. In California, water restrictions are already in effect, with more widespread cuts expected. Dry soil conditions are already increasing fire risk.

The West is no stranger to drought, but climate change is making it worse. Severe dryness covered California and Nevada just five years ago, from 2012 to 2016, and the Southwest has been in drought for much of the past two decades, punctuated by rare wet years. Experts say this year is unusual because extreme drought conditions are so widespread and have intensified quickly. They are likely to grow even worse this summer.

Percent of western land in drought conditions Area extent Exceptional drought Extreme Severe Moderate Abnormally dry 100% 75% 50% 25% 0% 2000 2005 2010 2015 2020 Percent of western land in drought conditions Area extent Exceptional drought Extreme Severe Moderate Abnormally dry 100% 75% 50% 25% 0% 2000 2005 2010 2015 2020 Percent of western land in drought conditions Area extent Exceptional drought Extreme Severe Moderate Abnormally dry 100% 75% 50% 25% 0% 2000 2005 2010 2015 2020 Area extent Percent of western land in drought conditions Exceptional drought Abnormally dry Extreme Severe Moderate 100% 75% 50% 25% 0% 2000 2005 2010 2015 2020 Percent of western land in drought conditions Exceptional drought Extreme Severe Moderate Abnormally dry 25% 75% 0% 50% 100% Today 2020 2015 2010 2005 2000 Area extent Source: U.S. Drought Monitor

The situation is especially dire in California and the Southwest.

Winter rain and snowfall usually bring most of California‚Äôs moisture for the year, but this winter was drier than usual, with warm temperatures arriving early this spring. The state is now in its dry season and is unlikely to see significant rainfall again until October.

‚ÄúThere‚Äôs a 100 percent chance that it gets worse before it gets better,‚Äù Dr. Swain said. ‚ÄúWe have the whole long, dry summer to get through.‚Äù

In the Southwest, a late summer monsoon that usually provides about half of the region‚Äôs annual rainfall could bring some respite ‚Äî if it materializes. Last year, the monsoon was more of a ‚Äúnonsoon,‚Äù bringing only traces of rain.

Low Rains, High Temperatures

Large swaths of the West saw record-low precipitation over the past year, matched by significantly higher-than-usual temperatures.

Precipitation Temperature Over the last 12 months Over the last 12 months Wash. Mont. Ore. Idaho Wyo. Much drier than normal Nev. Utah Colo. Calif. Much warmer than normal Record driest Ariz. N.M. Record warmest Record driest Near normal Record wettest Record coldest Near normal Record warmest Precipitation Temperature Over the last 12 months Over the last 12 months Wash. Mont. Ore. Idaho Wyo. Much drier than normal Nev. Utah Colo. Calif. Much warmer than normal Record driest Ariz. N.M. Record warmest Record coldest Record driest Near normal Record wettest Near normal Record warmest Precipitation Temperature Over the last 12 months Over the last 12 months Wash. Mont. Ore. Idaho Wyo. Much drier than normal Nev. Utah Colo. Calif. Much warmer than normal Record driest Ariz. N.M. Record warmest Record driest Near normal Record wettest Record coldest Near normal Record warmest Precipitation Over the last 12 months Record driest Near normal Record wettest Wash. Mont. Ore. Wyo. Idaho Utah Colo. Calif. Nev. Ariz. N.M. Temperature Over the last 12 months Record coldest Near normal Record warmest Wash. Mont. Ore. Idaho Wyo. Nev. Utah Colo. Calif. N.M. Ariz. Source: PRISM via the West Wide Drought Tracker ¬∑ Maps span the 12-month period from June 2020 to May 2021. Rankings are calculated with respect to the 1895-2010 period.

David Simeral, a climate scientist at the Desert Research Institute and an author for the U.S. Drought Monitor, said conditions over the last 12 months had contributed to the rapid intensification of the current drought. Brutal heat lashed much of the region last summer, the Southwest monsoon failed to deliver substantial rainfall that year, and many western states got less precipitation than usual this winter, too.

While the West has long experienced boom and bust years for precipitation, climate change, caused by the burning of fossil fuels, is increasing volatility: It makes dry years drier and wet years wetter.

Higher temperatures have also directly contributed to the drought conditions and water shortages in recent decades. Warmer winters bring more precipitation in the form of rain rather than snow, decreasing snowpack, and more intense spring heat has caused the snow to melt earlier. Higher-than-usual temperatures also dry out vegetation and soil and can increase evaporation from reservoirs, putting added strain on the crucial Western water supplies.

Low Reservoirs, Depleted Snowpack

Reservoir levels across the region are exceptionally low this year. So is mountain snowpack.

Reservoir levels Snowpack May/June 2021 May 1, 2021 Wash. Mont. Ore. Idaho Wyo. Nev. Colo. Utah Lake Mead 52% Calif. Lake Powell 54% of usual N.M. Ariz. 3 million 45 in. acre-ft. Color reflects recent reservoir level Color reflects recent snowpack level Size of circle reflects usual storage Size of circle reflects usual snowpack Lower Higher Lower Higher than usual than usual than usual than usual Reservoir levels Snowpack May/June 2021 May 1, 2021 Wash. Mont. Ore. Idaho Wyo. Nev. Colo. Utah Lake Mead 52% Calif. Lake Powell 54% of usual N.M. Ariz. 3 million 45 in. acre-ft. Color reflects recent reservoir level Color reflects recent snowpack level Size of circle reflects usual storage Size of circle reflects usual snowpack Lower Higher Higher Lower than usual than usual than usual than usual Reservoir levels Snowpack May/June 2021 May 1, 2021 Wash. Mont. Ore. Idaho Wyo. Nev. Colo. Utah Lake Mead 52% Calif. Lake Powell 54% of usual N.M. Ariz. 3 million 45 in. acre-ft. Color reflects recent reservoir level Color reflects recent snowpack level Size of circle reflects usual storage Size of circle reflects usual snowpack Lower Higher Lower Higher than usual than usual than usual than usual Snowpack Reservoir levels May 1, 2021 May/June 2021 Wash. Mont. Ore. Idaho Wyo. Nev. Colo. Utah Lake Mead 52% Calif. Lake Powell 54% of usual N.M. Ariz. 3 million acre-ft. 45 in. Color reflects recent levels Size of circle reflects usual storage Size of circle reflects usual snowpack Lower Higher than usual than usual Reservoir levels Color reflects recent reservoir level Lower Higher than usual than usual Wash. Mont. Ore. Idaho Wyo. Utah Colo. Nev. Lake Mead 52% Lake Powell 54% of usual Calif. N.M. Ariz. 3 million acre-ft. Size of circle reflects usual storage Snowpack Color reflects recent snowpack level Lower Higher than usual than usual Mont. Wash. Ore. Wyo. Idaho Nev. Colo. Utah Calif. N.M. Ariz. 45 in. Size of circle reflects usual snowpack California Department of Water Resources Sources: U.S.D.A. Natural Resources Conservation Service ¬∑ For reservoirs in California, recent levels reflect readings on June 8, 2021, compared with average levels for 1966-2015. For all other reservoirs, recent levels are from the end of May 2021 and are relative to the average for the data period of record. For snowpack, available measurements are shown. Recent snowpack levels are compared with the average for the period of record.

Lake Mead, the largest human-made reservoir in the United States, recently hit its lowest level since 1937, following years of decline. The lake, which sits on the border between Nevada and Arizona, is under growing pressure from the prolonged drought, climate change and growing population in the Southwest.

Across the region, reservoirs are struggling this year, especially in California.

Usually, melting mountain snowpack helps to replenish reservoirs, rivers and soils throughout the spring and summer. (You can think of snowpack as a sort of natural reservoir system that releases water over time.)

But in the Sierra Nevada mountains of California and other parts of the lower West, snowpack melted early this year because of higher spring temperatures and other unfavorable conditions. Much of the runoff didn‚Äôt make it to reservoirs and streams at all because already-parched soils sucked up the water.

The agricultural sector in California has been particularly affected by water shortages, with federal and state allotments drastically cut. Farmers have had to destroy some water-intensive crops in hopes of saving others. At the California-Oregon border, the drought has pitted farmers against fish once more.

In some parts of the state, local officials have asked residents and businesses to start conserving water. Big cities aren‚Äôt likely to see major water shortages this summer, but running out of water is a real possibility for some rural areas, especially those that depend on wells.

Jeanine Jones, the interstate resources manager for the California Department of Water Resources, said the current crisis exposes the need for drought forecasting and planning to consider the effects of climate change.

‚ÄúWe‚Äôve now had two dry years,‚Äù she said, but ‚Äúthis is all occurring in the context of a longer period, a couple of decades, of generally dry and much warmer conditions.‚Äù

Fire Outlook: ‚ÄòAs Bad as It Can Be‚Äô

Last year, the West Coast saw its worst fire season on record, with megafires burning in Washington, Oregon and California. Dry conditions have set the stage for another bad fire year in 2021.

High temperatures and low precipitation have dried out grasses, shrubs and other greenery, and soils are extremely dry for this time of year.

Already, twice as many acres have burned in California as during the same period last year. The state‚Äôs fire season has expanded in recent decades, starting earlier and ending later than it used to.

‚ÄúNot everything is predictable,‚Äù said Dr. Swain of U.C.L.A., referring to events like the dry lightning strikes that ignited many major fires in 2020. ‚ÄúBut of the predictable elements ‚Äî how dry is the soil? And will it get better in the next months? ‚Äî those are as bad as it can be.‚Äù

‚ÄúMost of the west is at increased risk of large severe fires this year,‚Äù he said. ‚ÄúThat may sound like a broken record, but maybe that‚Äôs the point.‚Äù",English
2,2,What a Water Shortage Is Doing to Some of America‚Äôs Best Farmland - The New York Times,"Wed, 30 Jun 2021 18:35:43 GMT","['farmland', 'understand', 'americas', 'valley', 'winter', 'farmers', 'shortage', 'doing', 'central', 'wanted', 'water', 'vast', 'tunnels', 'best', 'valleyfor']",news_article,Drought,United States of America (the),https://www.nytimes.com/2021/06/30/climate/nyt-climate-newsletter-california-drought.html,"Strawberries in the middle of winter. Almond milk in your latte. Cans of tomato paste that end up on your pizza.

So much of what we eat is produced on the vast farms of California‚Äôs Central Valley.

For years, that‚Äôs been possible because of a maze of canals and tunnels that bring water from the rivers in the northern part of the state and because farmers have been able to pull water from under the ground.

This year, the rich, fertile Central Valley confronts both an exceptional drought and the consequences of years of pumping far too much water out of its aquifers.

I wanted to understand how farmers are coping and what that means for the future of food production in the country‚Äôs richest agricultural belt.",English
3,3,"Historic heatwave, extreme drought and wildfires plague North American west - The Guardian","Tue, 29 Jun 2021 12:09:00 GMT","['north', 'extreme', 'plague', 'drought', 'wildfires', 'west', 'heat', 'climate', 'historic', 'temperatures', 'officials', 'american', 'states', 'heatwave', 'fires']",news_article,Drought,United States of America (the),https://www.theguardian.com/us-news/2021/jun/29/pacific-north-west-heatwave-temperatures-weather-seattle-portland,"The summer of 2021 is already shaping up to be one for the record books, with much of the American west gripped by historic heatwaves, extreme drought, and the threat of large wildfires that have already begun to burn across the region. The crisis has also extended into Canada, with temperatures in British Columbia soaring to 118F (46.6C) on Monday, shattering records for the area where few are set up for such intense heat.

Experts and officials fear that the catastrophic conditions, fueled by the climate crisis, will only get worse through the coming months.

This week an unprecedented and dangerous heatwave scorched the Pacific north-west, obliterating records set just the day before.

Seattle hit 108F (42C) by evening ‚Äì well above Sunday‚Äôs all-time high of 104F (40C). Portland, Oregon, reached 115F (46C) after hitting new records of 108F (42C) on Saturday and 112F (44C) on Sunday.

‚ÄúThis is the beginning of a permanent emergency,‚Äù said Washington‚Äôs governor, Jay Inslee, during an interview on MSNBC. ‚ÄúWe have to tackle the source of this problem, which is climate change.‚Äù

The heatwave, caused by what meteorologists described as a dome of high pressure, extends from California up through areas in Canada‚Äôs Arctic territories and was worsened by the human-caused climate crisis.

Zeke Hausfather, a scientist at the climate-data non-profit Berkeley Earth, said the Pacific north-west had warmed by about 3F (1.7C) in the past half-century. Noting that this would still have been an extreme heatwave without the additional warming, he said: ‚ÄúThis is worse than the same event would have been 50 years ago.‚Äù

A hydration station in front of the Union Gospel Mission in Seattle. Photograph: Ted S Warren/AP

The blistering heat hinted at the greater costs of climate breakdown to come. Blackouts were reported throughout the region as people trying to keep cool with fans and air conditioners strained the power grid.

The heat forced schools and businesses to close to protect workers and guests, including places such as outdoor pools and ice-cream shops where people seek relief from the heat. Covid-19 testing sites and mobile vaccination units were out of service.

In Portland, light rail and street car service was suspended as power cables melted and electricity demand surged. Heat-related expansion caused road pavement to buckle or pop loose in many areas, including on I5 in Seattle. Workers in tanker trucks in Seattle were hosing down drawbridges with water at least twice a day to prevent the steel from expanding in the heat and interfering with their opening and closing mechanisms.

The Democratic senator Maria Cantwell said the heat illustrated an urgent need for the federal infrastructure package to promote clean energy, cut greenhouse gas emissions and protect people from extreme heat.

‚ÄúWashington state was not built for triple-digit temperatures,‚Äù she said.

To the north in Canada, officials in the city of Burnaby just east of Vancouver, reported that more than two dozen people succumbed to the heat in just 24 hours. Heat warnings have been issued across the region, cautioning the most vulnerable ‚Äì especially seniors, young children, pregnant women, and those with illnesses ‚Äì to stay hydrated and indoors. Many people don‚Äôt have air conditioning and residents are reportedly flooding department stores trying to purchase fans and cooling systems that are already in short supply.

‚ÄúThis heatwave poses a significant threat to British Columbians, particularly seniors, children and the most vulnerable members of society. Climate change is a public health emergency and we need to treat it like one,‚Äù Sonia Furstenau, the leader of the Green party of British Columbia, tweeted on Monday.

Check on your neighbours and loved ones: Burnaby RCMP have responded to more than 25 sudden deaths (many seniors) in the past 24 hours‚Äîheat believed to be contributing factor in most of them. ‚Äî Emily Lazatin (@EmilyLazatin) June 29, 2021

Extreme heat, which was also felt across California and states in the south-west in recent weeks, has accelerated already devastating drought conditions, baking moisture out of the parched environment and intensifying the risks of wildfires.

More than 58.4 million people live in areas affected by the drought, according to the US Drought Monitor, and a record 49.7% of the west is now in the highest categories of ‚Äúextreme‚Äù and ‚Äúexceptional‚Äù drought levels.

For the third straight week, Extreme (D3)/Exceptional (D4) Drought in the West has set a #DroughtMonitor record.



49.7% of the West is in D3/D4 compared to 48.9% last week



The high prior to the 2020/2021 drought was July 23, 2002, at 45.3%.

https://t.co/HtSRATnpTz @NOAA pic.twitter.com/E5BNYO7bfk ‚Äî NIDIS Drought.gov (@DroughtGov) June 24, 2021

‚ÄúThe drought situation in the western United States continued to worsen after another mostly hot and dry week,‚Äù the agency said in its most recent update, released last week. ‚ÄúWildfires and increasing wildfire danger, water restrictions, and damage to agriculture are very common across the west region.‚Äù

Large fires are already burning, exhausting resources across the region much earlier than in previous years. Forty-eight large fires have burned more than 661,400 acres across 12 states, as ‚Äúwildland fire personnel continue to deal with extreme temperatures and very dry fuels across the western states‚Äù, the National Interagency Fire Center reports. In Arizona alone, 17 fires are still uncontained.

#NationalFireNews 48 large fires have burned 661,462 acres in 12 states. Wildland fire personnel continue to be challenged by extreme temperatures and very dry fuels across the western states. #FireYear2021 #LavaFire photo @ShastaTrinityNF @inciweb pic.twitter.com/InSEzNQZ00 ‚Äî National Interagency Fire Center (@NIFC_Fire) June 29, 2021

In California, the fire season is outpacing last year, when the state set a new record of roughly 4.1m acres burned. Firefighters are facing hot, dry, conditions and battling three large fires in Kern, Siskiyou, and San Bernardino counties.

The Lava Fire, the largest burning in California, started by lightning in the Shasta-Trinity national forest, exploded overnight and by Tuesday morning had torched more than 13,300 acres. It is 20% contained, and evacuation orders have been issued for thousands of residents who live and work in communities near Weed, California, close to the Oregon border. The National Weather Service has issued red flag warnings for the area, as officials brace for gusty winds and low humidity that could complicate containment efforts.

Forest service officials told reporters in a briefing on Monday night that air tankers and helicopters had to be grounded through the afternoon due to the powerful winds.

‚ÄúWe had a rough four or five hours there not being able to fly,‚Äù said Steve Watkins, incident commander.

Here‚Äôs a frightening photo of the #LavaFire taken last night at 11 PM from the Weed Airport. You can Mt. Shasta in the distance beyond the flames. #StormWatch12 #fireseason2021



üì∏: Bill Bartlett pic.twitter.com/gRlgv15vu0 ‚Äî Matt Hoffman (@matthoffmanwx) June 29, 2021

California‚Äôs governor, Gavin Newsom, secured support from the Federal Emergency Management Agency (Fema) to help with costs to suppress the fire on Tuesday. Officials said the fire was expected to spread.

‚ÄúThe wind is beginning to pick up again and it‚Äôs going to be another hot day,‚Äù said the public information officer for the incident, Jim Mackensen, noting that the temperatures were still in the hundreds. Mackensen added that there was a high probability that the fire would be active on Tuesday afternoon, fueled in part by what officials call an ‚Äúunstable atmosphere‚Äù when the smoke and winds create conditions that act almost like a thunderstorm.

‚ÄúThe winds are just a fact of life around here,‚Äù he said, but added: ‚ÄúThis is a lot hotter than what it normally gets around here. This is all part of the historic heatwave from Seattle on down.‚Äù

The Associated Press contributed reporting",English
