ID	event_id	article_title	article_link	article_content	publishing_date	article_image	article_keywords	article_relevance	category
0	FL-2014-000084-ARG-ES	Inundaciones en Paraguay, Brasil y Argentina - El Pa√≠s.com (Espa√±a)	https://elpais.com/internacional/2014/06/30/album/1404155391_744828.html	"Inundaciones en Paraguay, Brasil y Argentina

M√°s de 360.000 sudamericanos han tenido que ser evacuados en los √∫ltimos d√≠as por inundaciones en Paraguay, el sur de Brasil y el noreste de Argentina."	Tue, 01 Jul 2014 07:00:00 GMT	https://ep00.epimg.net/internacional/imagenes/2014/06/30/album/1404155391_744828_1404157202_album_normal.jpg	['√∫ltimos', 'brasil', 'fotos', 'argentina', 'sur', 'noreste', 'sudamericanos', 'd√≠as', 'inundaciones', 'evacuados', 'ser', 'paraguay']	 	flood
1	FL-2014-000084-ARG-ES	M√°s de 12.000 evacuados por las inundaciones en el noreste del pa√≠s - InfoBAE.com	https://www.infobae.com/2014/06/30/1577055-mas-12000-evacuados-las-inundaciones-el-noreste-del-pais/	"162

T√©lam 162

T√©lam 162

Unas 12.500 permanec√≠an evacuadas en Misiones, Formosa y Corrientes por la crecida de los r√≠os Paraguay, Uruguay e Iguaz√∫ y de numerosos arroyos debido a las lluvias, aunque en algunos puntos de las provincias las familias comenzaban a retornar hoy a sus hogares tras el retroceso de las aguas en determinadas zonas.

En Misiones, la cantidad de evacuados hoy ascend√≠a a 7.350 (de m√°s de 6.200 ayer) en 10 localidades inundadas, luego del desborde de los r√≠os Uruguay e Iguaz√∫, seg√∫n comunic√≥ esta ma√±ana el gobierno provincial. Afortunadamente, en la provincia dej√≥ de llover y el r√≠o Uruguay comenz√≥ a bajar.

Hasta ayer la situaci√≥n era complicada, con varios puentes cortados sobre la ruta costera 2 y la provincial 103, desde San Javier hasta Mosconi.



El gobernador de la provincia, Maurice Closs, hoy firmar√° el decreto de emergencia econ√≥mica y social, seg√∫n anunci√≥ inicialmente el s√°bado. Estim√≥ que las p√©rdidas rondar√≠an los $500 millones.

En Formosa, el r√≠o Paraguay continuaba en creciente en los puertos pero las lluvias que afectaban a la regi√≥n cesaron, lo que facilit√≥ las tareas de asistencia a los refugiados. Sin embargo, al menos dos personas perdieron la vida como consecuencia de los anegamientos en la provincia.

Los evacuados censados en el fin de semana alcanzaron alrededor de 6.000, muchos de los cuales retornaban en las √∫ltimas horas de ayer a sus hogares tras el retroceso de las aguas.

El r√≠o Paraguay en Puerto Formosa alcanz√≥ ayer los 8,68 metros y en Puerto Pilcomayo los 7,59, mientras que el pron√≥stico del tiempo descarta lluvias para las pr√≥ximas jornadas, despu√©s de varios d√≠as de temporal que inundaron el centro de la ciudad de Clorinda.

La Entidad Binacional Yacyret√° inform√≥ que los caudales del r√≠o Paran√° a esa altura ""podr√≠an llegar a valores cercanos a los 30.000 metros c√∫bicos por segundo hacia el d√≠a de ma√±ana (m√°s del doble de los valores normales)"", por lo que se estima ""la estabilizaci√≥n de fen√≥meno h√≠drico por un lapso no mayor a 48 horas, para luego iniciar el ritmo de bajante"".

En Corrientes, el intendente de Santo Tom√© estim√≥ que para hoy, los evacuados en esa zona superar√≠an los 560, debido a la ""hist√≥rica"" crecida del Uruguay, que lleg√≥ a casi 3 metros por encima del nivel de evacuaci√≥n y se prev√© que ma√±ana las aguas llegar√°n hasta la ruta nacional 14.

Giraud se√±al√≥ que ayer el curso de agua lleg√≥ a crecer 18 cent√≠metros por hora, aunque ahora el ritmo mengu√≥ y es de 4 cent√≠metros por hora, de acuerdo con el portal Corrienteshoy.



La Municipalidad correntina inform√≥ que con 15 cent√≠metros de agua sobre la calzada de la ruta 14, Vialidad Nacional interrumpir√° el tr√°nsito en su totalidad, por seguridad.

El monitoreo es permanente en esa v√≠a, que tiene puntos sensibles en el arroyo Naranjito, ubicado en el kil√≥metro 688,500, y el arroyo Cambay, en el kil√≥metro 679. Las autoridades tambi√©n segu√≠an atentas a la situaci√≥n en Alvear, a 440 kil√≥metros de la capital correntina, donde el r√≠o med√≠a hasta la tarde de ayer 9,47 metros (el nivel de alerta es 9,50) y en La Cruz, donde mide 9,25 (el alerta se fija en los 9,50 metros).

Entretanto, fuentes municipales indicaron que la localidad de Garav√≠, a 400 kil√≥metros de la ciudad de Corrientes, se encontraba hasta ayer ""pr√°cticamente aislada"", debido a que la crecida alcanz√≥ a la ruta provincial 94 en dos tramos a la altura de los arroyos Ciriaco, al sur, y Morredor, al norte.

En el sur de Brasil, las intensas precipitaciones que hicieron crecer los r√≠os afectaron especialmente al estado de Santa Catarina y dejaron como consecuencia m√°s de 50.000 evacuados.

Cristina Kirchner podr√≠a recorrer la zona

En su habitual conferencia de las ma√±anas, el jefe de Gabinete Jorge Capitanich dijo hoy que sumaban 2.600 las familias evacuadas en Formosa y Misiones, en donde hay casi 1.500 viviendas afectadas por las inundaciones, algunas con destrucci√≥n total, afirm√≥.

En tanto, a√±adi√≥ que en Formosa la crecida del r√≠o Paraguay estaba afectando especialmente a la ""capital, Clorinda, Puerto Pilcomayo y zona de islas"". En este sentido, dijo que hasta ayer hab√≠a ""1.290 familias evacuadas y 115 autoevacuadas"".

Capitanich no descart√≥ que la presidente Cristina Kirchner recorra la zona de las inundaciones en el norte del pa√≠s, a la vez que afirm√≥ que el gobierno nacional tiene el ""compromiso r√°pido y directo"" de asistir para la ""reparaci√≥n de da√±os"" a trav√©s de un ""programa federal"".

Seg√∫n detall√≥, la Presidente instruy√≥ a las distintas √°reas del Gobierno a fin de ""garantizar la asistencia a las personas damnificadas"" a trav√©s del env√≠o de distintos elementos como alimentos, utensilios, frazadas y centros de evacuaci√≥n, asegur√≥."	Mon, 30 Jun 2014 07:00:00 GMT	https://www.infobae.com/new-resizer/L-HtR5Aa9oO5IO76ezvHA60gMjw=/1200x628/filters:format(jpg):quality(85)//arc-anglerfish-arc2-prod-infobae.s3.amazonaws.com/public/IAPC2U4W2RDP5EPZRIIFCXHH2U	['hoy', 'uruguay', 'noreste', 'formosa', 'evacuados', 'inundaciones', 'zona', 'metros', 'ayer', 'r√≠o', '12000', 'ruta', 'paraguay', 'crecida', 'pa√≠s']	 	flood
2	FL-2014-000084-ARG-ES	Confirmaron 89 muertos por la inundaci√≥n del 2 de abril de 2013 en La Plata - T√©lam	https://www.telam.com.ar/notas/201407/69935-la-plata-justicia-89-muertos-inundacion.html	La C√°mara en lo Contencioso y Administrativo de La Plata confirm√≥ hoy que las v√≠ctimas de la inundaci√≥n del 2 de abril de 2013 son 89, como lo hab√≠a determinado el juez de primera instancia Luis Federico Arias.En el fallo, al que tuvo acceso T√©lam, los jueces Gustavo De Santis, Gustavo Spacarotel y Claudia Milanta rechazaron la apelaci√≥n interpuesta por el gobierno de la provincia de Buenos Aires a trav√©s de la Fiscal√≠a de Estado, que reconoc√≠a 67 muertos. Adem√°s, hicieron lugar a la acci√≥n de h√°beas data colectiva promovida para lograr ‚Äúel acceso a la informaci√≥n p√∫blica referida a las v√≠ctimas fatales de la inundaci√≥n ocurrida en la regi√≥n‚Äù.As√≠, el Poder Ejecutivo deber√° "divulgar p√∫blicamente el resultado de este proceso a trav√©s de los medios de comunicaci√≥n por los que dio a conocer la informaci√≥n inexacta", en referencia a los 67 muertos informados por el gobierno provincial.Los jueces tambi√©n confirmaron la orden al Registro de las Personas de la Provincia de Buenos Aires para que ‚Äúrectifique determinados asientos registrales por contener datos inexactos‚Äù.Es que, en el fallo de Arias y tras constatar irregularidades en la inscripci√≥n de las defunciones traum√°ticas, el magistrado orden√≥ al Registro que consigne mediante una anotaci√≥n marginal en cada una de las actas de defunci√≥n que las personas fueron v√≠ctimas de la inundaci√≥n.Los magistrados determinaron que la sentencia del Tribunal ‚Äúdeja a salvo y expeditas las acciones judiciales civiles, penales o contencioso administrativas que las v√≠ctimas o sus causa-habientes decidan promover singularmente para obtener las reparaciones civiles, patrimoniales o condenas penales que pudiesen derivarse de los hechos‚Äù.La Fiscal√≠a de Estado bonaerense apel√≥ el fallo del juez Arias el pasado 7 de abril, objetando aspectos t√©cnicos y consider√°ndolo "no v√°lido por violar reglas procedimentales y no ajustarse a derecho".	Fri, 04 Jul 2014 07:00:00 GMT	http://www.telam.com.ar/advf/imagenes/2013/04/515c80f67d946_400x266.jpg	['muertos', '2', '89', 'plata', 'inundaci√≥n', 'fallo', 'provincia', 'jueces', 'abril', 'personas', 'juez', 'penales', 'v√≠ctimas', 'trav√©s', 'confirmaron', 'registro', '2013']	 	flood
3	FL-2014-000084-ARG-ES	Inundaciones desplazan historias y sue√±os en Paraguay - IPS Agencia de Noticias	https://ipsnoticias.net/2014/07/inundaciones-desplazan-historias-y-suenos-en-paraguay/	"Las m√°s impactantes inundaciones en la historia de Paraguay se saldan por ahora con m√°s de 300.000 personas evacuadas. Asunci√≥n, el √°rea m√°s afectada, y otras zonas urbanas y rurales quedaron bajo las aguas de los r√≠os Paraguay y Paran√°, en un anticipo de lo que podr√≠a suceder cuando comience a actuar el fen√≥meno de El Ni√±o.

‚ÄúPerd√≠ todo ah√≠, ten√≠a mi tallercito y no qued√≥ nada, solo saqu√© mis herramientas‚Äù, dijo a IPS uno de los damnificados, Antonio Esteban Michal, mientras trata de arreglar un televisor junto a las cuatro paredes de madera y chapa que levant√≥ como refugio para su familia, frente al Congreso legislativo, tras lograr salir del barrio de la Chacarita.

‚ÄúEl principal problema es el agua para tomar, cocinar, ba√±arse‚Äù, coment√≥.

Y lo peor es que las aguas del r√≠o Paraguay podr√°n ascender de nuevo en breve, tras alcanzar el nivel hist√≥rico de 7,19 metros en el puerto de Asunci√≥n, lo que empuj√≥ las aguas al interior de la ciudad tras anegar completamente los barrios bajos de la ribera, donde los botes se convirtieron en la √∫nica forma posible de transporte.[pullquote]3[/pullquote]

Las intensas precipitaciones no solo inundaron Paraguay, sino regiones de la cuenca del Paran√° en Argentina y Brasil. En Argentina los evacuados son al menos 12.000 y en Brasil est√°n en torno a los 50.000 y las autoridades de los dos pa√≠ses alertan que la situaci√≥n empeorar√≠a porque se pronostican m√°s lluvias en breve tiempo.

En Paraguay las cifras oficiales, inferiores a las de organismos locales e internacionales, sit√∫an en m√°s de 15.000 familias las desplazadas por las inundaciones. En esta capital de 514.000 habitantes, m√°s de 60.000 personas debieron dejar sus viviendas e instalarse en campamentos, en predios de las fuerzas militares o en espacios p√∫blicos.

Alejandro Max Pastene, del departamento de Climatolog√≠a de la Direcci√≥n Nacional de Meteorolog√≠a e Hidr√°ulica, dijo a IPS que junio, cuando comenzaron las lluvias intensas, julio y agosto son habitualmente meses secos en el pa√≠s.

As√≠ que cuando llegue la √©poca normal de lluvias, de octubre a marzo, ‚Äúno habr√° dado tiempo a bajar el nivel del r√≠o‚Äù.

Adem√°s este a√±o, record√≥, ‚Äúlas lluvias desde octubre van a ser especialmente intensas por efecto de fen√≥meno meteorol√≥gico El Ni√±o/Oscilaci√≥n del Sur‚Äù. Este produce cuando aumenta la temperatura superficial del agua en las √°reas oriental y central del Pac√≠fico ecuatorial.

Pastene explic√≥ que el nivel cr√≠tico de inundaci√≥n del r√≠o de Paraguay es de 5,5 metros, casi dos metros menos que su actual cota de 7,19 metros. ‚ÄúSolo en un d√≠a, el 27 de junio, llovi√≥ el equivalente a un mes‚Äù, dijo Pastene.

Quienes poblaban barrios precarios, como el Ba√±ado Sur, Tacumb√∫ y la Chacarita, debieron hacerlo pr√°cticamente sin ayuda alguna.

En los improvisados refugios en √°reas p√∫blicas, los damnificados sobreviven hacinados entre construcciones levantadas con madera, pl√°sticos y chapas. El agua potable y los servicios sanitarios son su repetida mayor carencia.

El director de Operaciones de la Secretar√≠a de Emergencia Nacional (SEN), Aldo Zald√≠var, reconoci√≥ a IPS que la situaci√≥n desbord√≥ todas las previsiones y que la asistencia no ha llegado con la premura que la situaci√≥n requiere.

Asegur√≥ que la instituci√≥n ha provisto v√≠veres, materiales y log√≠stica a unas 75.000 personas en Asunci√≥n, y m√°s de 150.000 en las zonas afectadas en el resto del pa√≠s.

Las m√°s perjudicadas se sit√∫an en el departamento de Presidente Hayes, en la regi√≥n de El Chaco (occidente), en el departamento de √ëeembuc√∫ (suroeste), y en el departamento de Alto Paran√° (norte).

‚ÄúTenemos orden de hacer todo lo que se tenga que hacer para atender a la poblaci√≥n. Y lo estamos haciendo, pero hay veces que no llegamos en el tiempo que la gente espera‚Äù, dijo Zald√≠var sobre la situaci√≥n que se vive desde junio.

Pero las cr√≠ticas se multiplican sobre la lenta e insuficiente reacci√≥n de las autoridades a la peor crecida en 30 a√±os, en especial las provenientes de las organizaciones sociales que operan en las √°reas afectadas.

El gobierno del derechista Horacio Cartes es especialmente criticado por la falta de apoyo a los barrios de la zona baja, seg√∫n denunciaron inicialmente pobladores y activistas. Despu√©s, comenzaron a circular im√°genes que mostraban a representantes del partido gobernante haciendo proselitismo con la asistencia estatal a los damnificados.

Parte de esas deficiencias fueron paliadas por campa√±as solidarias promovidas por organizaciones no gubernamentales, clubes y grupos juveniles y vecinales, que recaudan fondos, ropas, v√≠veres, materiales, para el traslado y reasentamiento de las familias que deben dejar sus hogares.

Actualmente, hay 86 refugios que abrieron las autoridades para la reubicaci√≥n de las familias que debieron abandonar sus viviendas en Asunci√≥n. Tan solo tres predios militares acogen a m√°s de 2.000 familias.

La situaci√≥n en los refugios no es la mejor. El principal problema es lo relacionado con los servicios sanitarios; ya no hay disponibilidad de ba√±os qu√≠micos. La SEN encarg√≥ la fabricaci√≥n de ba√±os y duchas en contenedores, con lo que se espera paliar el d√©ficit de esas instalaciones en los campamentos.

La ‚Äúpalangana‚Äù

Miguel Barrios es herrero, como lo es Esteban, y no pudo rescatar gran cosa cuando el agua lleg√≥ a la casa de su familia. Le parece incre√≠ble que la Chacarita siga inund√°ndose pese a las obras de la avenida Costanera, que deber√≠an fungir de muro de contenci√≥n del r√≠o. [related_articles]

‚ÄúEl barrio qued√≥ en la palangana, entre la costanera y el muro de Asunci√≥n‚Äù, explic√≥.

Juan Ram√≥n Mart√≠nez, otro vecino de la Chacarita, vivi√≥ la gran inundaci√≥n de 1983, la mayor registrada hasta ahora en Asunci√≥n, y seg√∫n dice la de ahora es mucho peor.

En todo el campamento ante la sede del Poder Legislativo hay gente trabajando con palas, cortando madera, clavando techos, incluso mujeres y ni√±os. Por todos lados hay ropa tendida al sol.

En otro punto de la ciudad, no muy lejos del microcentro donde se ubican los organismos p√∫blicos y el centro hist√≥rico, en el barrio Yta Pyta Punta, Myriam Ag√ºero emprende la evacuaci√≥n con su marido y sus cuatro hijos.

‚ÄúLleg√≥ el agua, no hay otra soluci√≥n, ni siquiera en la segunda planta de nuestra casa nos podemos quedar‚Äù, cont√≥ a IPS esta mujer de 33 a√±os, dirigente del Sindicato de Trabajadoras Dom√©sticas del Paraguay.

Ag√ºero naci√≥ en la zona baja de Asunci√≥n, en lo que se conoce como el cintur√≥n de barrios pobres en tierras inundables o linderos al cauce del r√≠o Paraguay, donde muchas de las pobladoras se dedican al trabajo dom√©stico.

‚ÄúSolo tengo ganas de llorar pero me aguanto, tengo que ser fuerte y seguir trabajando porque esta crecida dej√≥ sin trabajo a mi marido‚Äù, dijo con los ojos humedecidos.

Teodosia Duarte, otra de las afectadas, se resigna: ‚ÄúDicen que vamos a estar ac√° muchos meses‚Äù.

Los pron√≥sticos son de que las aguas del r√≠o no bajar√°n notablemente hasta el 2015.

La idea de lo que va a encontrar cuando por fin pueda volver a su casa y su barrio angustia a Duarte. La mujer aprieta las manos contra el pecho y dice en guaran√≠, la lengua materna de los paraguayos: ‚Äú√ëandejara tuicha ohecha kua√° va¬¥era √±andeve‚Äù (Dios es grande, nos va a ayudar)."	Wed, 02 Jul 2014 07:00:00 GMT	https://ipsnoticias.site/wp-content/uploads/2014/07/Paraguay-chica-2.jpg	['agua', 'lluvias', 'solo', 'barrios', 'desplazan', 'inundaciones', 'asunci√≥n', 'metros', 'r√≠o', 'dijo', 'sue√±os', 'historias', 'paraguay', 'situaci√≥n']	 	flood
4	FL-2014-000084-ARG-ES	El impacto de las inundaciones en Paraguay refleja el cambio clim√°tico, seg√∫n expertos - EFEverde, el periodismo del medio ambiente	https://www.efeverde.com/noticias/el-impacto-de-inundacion-en-paraguay-refleja-el-cambio-climatico-segun-expertos/	nan	Sun, 06 Jul 2014 07:00:00 GMT		['expertos', 'lluvias', 'clim√°tico', 'refleja', 'pobres', 'inundaciones', 'efectos', 'organizaci√≥n', 'van', 'r√≠o', 'cambio', 'agricultura', 'impacto', 'paraguay', 'seg√∫n']	 	flood
5	FL-2014-000084-ARG-ES	Crecida del r√≠o Paran√° fue una de las cinco mayores en m√°s de un siglo - √öltimaHora.com	https://www.ultimahora.com/crecida-del-rio-parana-fue-una-las-cinco-mayores-mas-un-siglo-n810004.html	"La situaci√≥n del r√≠o Paran√° a la altura de la hidroel√©ctrica ""comienza a normalizarse"" y sigue su tendencia a bajar de nivel, tras un mes con importantes lluvias, indic√≥ en un comunicado.



El m√°ximo caudal, registrado el pasado 11 de junio, super√≥ el de las crecidas de 1997, 1998 y 2013, y es el mayor constatado desde 1992, seg√∫n el informe de la represa Yacyret√°.



En el d√≠a en el que alcanz√≥ su cota m√°s alta el mes pasado el r√≠o lleg√≥ a un volumen medio de unos 42.800 metros c√∫bicos por segundo, muy por encima de los valores normales, ubicados en los 10.000 metros c√∫bicos por segundo.



Esa crecida fue seguida de otra el 30 de junio, de unos 28.700 metros c√∫bicos por segundo, y ambas se encuentran dentro de los 5 picos m√°s importantes de los 114 a√±os de registros del r√≠o Paran√° en la zona de la represa.



La altura del r√≠o registrada ayer en la localidad argentina de Ituzaing√≥, cercana a esa instalaci√≥n, fue de 1,95 metros, 55 cent√≠metros menos que el viernes, de acuerdo con los expertos, que prev√©n que caiga paulatinamente hasta 1,7 metros, lejos ya del nivel de alerta, situado en los 3,5 metros.



La previsi√≥n meteorol√≥gica para esta semana marca lluvias de escasas a nulas, lo que permitir√° que contin√∫e la tendencia descendente del Paran√°, seg√∫n el informe.



Seg√∫n Yacyret√°, los excesos h√≠dricos verificados tuvieron su origen en precipitaciones ""muy por encima de las normales"" que cayeron en un √°rea que abarca el 30% de la cuenca que alimenta el embalse, mientras que en la cuenca superior las precipitaciones fueron menores a los valores medios.



El d√©ficit de precipitaciones que desde hace meses afecta las altas cuencas ayud√≥ a que el fen√≥meno no fuera a√∫n m√°s importante, seg√∫n los t√©cnicos de la represa.



La subida de los r√≠os por las lluvias de los √∫ltimos meses ha provocado unos 240.125 damnificados en Paraguay, seg√∫n los √∫ltimos datos de la Secretar√≠a de Emergencia Nacional (SEN).



En Argentina hay 14.000 desplazados por las inundaciones en las m√°rgenes de los r√≠os Paran√°, Iguaz√∫, Paraguay y Uruguay, mientras que en Brasil son unos 50.000.



Uruguay tambi√©n ha comenzado la evacuaci√≥n preventiva de personas que viven en las orillas del r√≠o del mismo nombre, despu√©s de que la crecida superara los l√≠mites de riesgo."	Mon, 07 Jul 2014 07:00:00 GMT	https://media.ultimahora.com/p/04d86993a94345ff813babd7ffe0e790/adjuntos/161/imagenes/004/068/0004068963/1200x675/smart/imagen-archivo-una-zona-la-ciudad-ayolas-donde-varias-personas-fueron-evacuadas-la-inundacion-provocada-la-crecida-del-rio-parana-foto-jose-bogado.jpg	['√∫ltimos', 'lluvias', 'valores', 'mayores', 'c√∫bicos', 'paran√°', 'siglo', 'metros', 'tendencia', 'r√≠o', 'precipitaciones', 'cinco', 'crecida', 'seg√∫n']	 	flood
6	FL-2014-000084-ARG-ES	Una fuerte lluvia provoca inundaciones de viviendas y riadas al norte de Navarra - El Pa√≠s.com (Espa√±a)	https://elpais.com/politica/2014/07/04/actualidad/1404463141_296876.html	"El agua arrastra varios veh√≠culos en Elizondo. guardia civil

Las fuertes lluvias que afectan al norte de Navarra desde este jueves han ocasionado el desbordamiento del r√≠o Baztan esta madrugada y han provocando importantes inundaciones en edificios y viviendas de este valle navarro, principalmente en Elizondo. Seg√∫n informan en un comunicado el Gobierno de Navarra, la Guardia Civil, bajo la activaci√≥n del nivel 1 del Plan de Emergencias, ha rescatado a cuatro personas m√°s, en total suman seis los auxiliados. El agua ha provocado tambi√©n el corte de carreteras y la inundaci√≥n de calles, casas y bajeras, y el desalojo del centro de salud y la biblioteca, adem√°s del pol√≠gono industrial de Santesteban.

Evoluci√≥n del caudal del r√≠o Baztan en los √∫ltimos 15 d√≠as.

El r√≠o Batzan acumula a esta hora 349,85 metros c√∫bicos por segundo, en un nivel de 3,95 metros de altura, si bien la predicci√≥n es que aumente este mediod√≠a. Seg√∫n ha informado, el consejero de Presidencia, Justicia e Interior, Javier Morr√°s, se prev√© que la situaci√≥n mejore a partir de ahora porque el caudal ha comenzado a descender. La crecida se desplaza ahora hacia las localidades de Cinco Villas, aunque se espera que las afecciones sean menores que en Baztan. Morr√°s solicita ""a la poblaci√≥n que permanezca en sus casas y no vaya a vigilar el estado del ganado, que se realice el m√≠nimo de desplazamientos posibles, as√≠ como que haga un uso responsable del tel√©fono m√≥vil"".

Seg√∫n ha se√±alado la Polic√≠a Foral de Navarra en su cuenta en Twitter, en este punto de la comunidad aut√≥noma, las precipitaciones han provocado la anegaci√≥n de varias viviendas y el agua ha arrastrado coches. Junto a las fuerzas de seguridad regionales, los bomberos y la Guardia Civil tambi√©n ha desplegado efectivos en la zona para ayudar en las tareas de emergencias.

La N-121-B cortada por una balsa de agua Polic√≠a Foral de Navarra

En el pueblo de Lekaroz, una vivienda ha quedado inundada y su ocupante ha tenido que ser auxiliado, aunque permanece en la segunda planta de la casa. Durante la madrugada, tambi√©n se ha desbordado en el valle la regata Mortalen, provocando la inundaci√≥n de un caser√≠o.

Adem√°s, las lluvias han ocasionado tambi√©n problemas en otros puntos de Navarra, como en Valcarlos, con desprendimiento en la carretera N-135, o en el barranco de las Limas (Arguedas). Todos estos incidentes se han producido pocas horas despu√©s de que una fuerte granizada cayese en Madrid a primera hora de la tarde del jueves, lo que oblig√≥ a interrumpir temporalmente la circulaci√≥n en varias carreteras. A su vez, el mi√©rcoles, otra intensa fuerte granizada, que dur√≥ cerca de tres cuartos de hora, se registr√≥ en Almaz√°n (Soria), una peque√±a localidad de 5.000 habitantes. Esta precipitaci√≥n, en pleno verano, provoc√≥ tambi√©n inundaciones en garajes y viviendas.

Las carreteras afectadas

Las balsas de agua han obligado a cortar varias carreteras de la red secundaria de Baztan, seg√∫n la Polic√≠a Foral de Navarra las v√≠as afectadas son la N-121-B, en el p.k. 44, a la altura de Arraioz (que ya ha sido abierta); la NA-4404 y NA-4403 de acceso a Irurita, en el p.k. 1, y la NA-2600 (Erraztu-Francia), en el kil√≥metro 2. Respecto a la red secundaria, seg√∫n ha informado la Polic√≠a Foral de Navarra, las v√≠as afectadas son: NA-2330 (Urroz Villa-Erro), en el p.k. 2,400; y las NA-3042 (Cascante-Ablitas-Ribaforada), en el p.k. 9,100, y la NA-8715 (traves√≠a Andosilla), en el p.k. 1,500."	Fri, 04 Jul 2014 07:00:00 GMT	https://imagenes.elpais.com/resizer/D_UDByxjaW67o2PrP_D24Xuv3Ok=/1200x0/arc-anglerfish-eu-central-1-prod-prisa.s3.amazonaws.com/public/6XRJHJA6UGV2L3UMCSYV4C26YI.jpg	['provoca', 'norte', 'navarra', 'agua', 'baztan', 'pk', 'inundaciones', 'fuerte', 'lluvia', 'polic√≠a', 'foral', 'riadas', 'r√≠o', 'varias', 'viviendas', 'carreteras', 'seg√∫n']	 	flood
7	FL-2014-000084-ARG-ES	Encarnaci√≥n, una ciudad ribere√±a que logr√≥ eludir las inundaciones - √öltimaHora.com	https://www.ultimahora.com/encarnacion-una-ciudad-riberena-que-logro-eludir-las-inundaciones-n805675.html	"ENCARNACI√ìN

Hasta hace unos a√±os, Encarnaci√≥n era una de las tantas ciudades que ante cada lluvia prolongada y crecida del Paran√° sufr√≠a duramente los embates de las inundaciones. Sin embargo, tras casi 8 a√±os de trabajos al borde de la ribera, actualmente es la √∫nica ciudad costera que logr√≥ eludir este fen√≥meno natural.

Su secreto no fue m√°gico, pero s√≠ complicado y hasta traum√°tico, a decir del ex intendente de la localidad y actual director de Yacyret√°, Juan Schmalko.

El ""visionario"", como lo llaman los pobladores, dialog√≥ con √öH y cont√≥ los detalles del plan que inici√≥ en el 2005 y sac√≥ a flote a Encarnaci√≥n. Se√±al√≥ que el puntapi√© fue la decisi√≥n de Paraguay y Argentina de elevar el embalse de Yacyret√°, de modo a llegar a la cota actual de 83 metros sobre el nivel del mar.

Embed

Explic√≥ que esto signific√≥ que para llegar a esa altura se tenga que construir una defensa costera con muros de contenci√≥n a un nivel superior a la crecida m√°xima y que adem√°s represent√≥ la inundaci√≥n inducida de la zona m√°s emblem√°tica de esa localidad, la Villa Baja, donde resid√≠a el 35% de la poblaci√≥n. De ese lugar hoy solo quedan restos del viejo molino San Jos√© y el silo; el resto del terreno fue rellenado y elevado unos 8 metros.

Encarnacion03.jpg La crecida dej√≥ de ser un problema para los pobladores que fueron reubicados. Foto: Daniel Riveros

""B√°sicamente lo que hicimos con Yacyret√° fue despejar la zona baja, luego creamos los muros de contenci√≥n a una altura por encima a la de la crecida hist√≥rica y de esa elevaci√≥n de cota de 84,5 metros hicimos que sea la zona m√°s baja de la ciudad (sic). Entonces, cuando pasan estos fen√≥menos como ahora, la ciudad no se inunda porque est√° por encima del nivel m√°ximo al que puede llegar el agua, eso nos diferencia de las otras ciudades, que no previeron el crecimiento de los cauces y hoy est√°n abajo (del agua)"", expres√≥.

Dif√≠cil. El director de la EBY resalt√≥ que fue un proceso muy dif√≠cil, por el arraigo de la ciudadan√≠a a las zonas inundables. Indic√≥ que se tuvo que relocalizar a unas 40.000 personas, pero que el resultado est√° a la vista: los pobladores viven con tranquilidad. Coment√≥ que la inversi√≥n que tuvo que hacer la entidad binacional ronda los USD 1.000 millones, entre los que se incluye la Costanera de 27 km como principal defensor ribere√±o y encauzador del Paran√°, desag√ºe pluvial y cloacal, indemnizaciones y construcci√≥n de viviendas y barrios enteros.

Encarnacion06.jpg Actualmente la gente puede disfrutar sin problemas de la costanera encarnacena. Foto: Daniel Riveros

Por su parte, el gerente del Plan de Terminaci√≥n de Yacyret√°, ingeniero Eduardo B√°ez, mencion√≥ que es casi imposible que el agua supere alguna vez esa altura baja de la ciudad, al menos si la represa funciona correctamente. ""Lo que pasa es que la represa es de paso, no ataja. Entonces el agua no se queda estancada y repercute en el crecimiento del r√≠o. Y si es que llega al l√≠mite, solucionamos abriendo m√°s las compuertas y baja el nivel del espejo de agua que bordea la ciudad"", manifest√≥.

Schmalko finaliz√≥ recomendando a Asunci√≥n que imite el proyecto encarnaceno. ""Es indudable que estos fen√≥menos como la crecida se dan y la √∫nica manera es tener la ciudad a una altura superior a la del pico m√°ximo hist√≥rico. Es el caso de Asunci√≥n, de la altura de su Costanera debe partir hacia arriba la ciudad, no de ah√≠ para abajo"", opin√≥."	Sun, 22 Jun 2014 07:00:00 GMT	https://media.ultimahora.com/p/390846573b37522312bc0b673c156406/adjuntos/161/imagenes/004/039/0004039440/1200x675/smart/fortalecido-las-corridas-mercaderia-mano-salvarlas-del-agua-se-acabaron.jpg	['encarnaci√≥n', 'agua', 'crecida', 'llegar', 'yacyret√°', 'pobladores', 'ribere√±a', 'inundaciones', 'zona', 'eludir', 'nivel', 'altura', 'ciudad', 'baja', 'logr√≥']	 	flood
8	FL-2014-000084-ARG-ES	Uruguay, en alerta por inminente crecida de sus grandes r√≠os - Paraguay.com	https://www.paraguay.com/internacionales/uruguay-en-alerta-por-inminente-crecida-de-sus-grandes-rios-111143	nan	Tue, 01 Jul 2014 07:00:00 GMT		[]	 	flood
9	FL-2014-000084-ARG-ES	Inundaciones en Recife sede del Mundial 2014 - Motor - DiarioAS	https://as.com/futbol/2014/06/26/album/1403809221_336777.html	"Inundaciones en Recife sede del Mundial 2014 Llovi√≥ durante toda la noche, y las calles de Recife se inundaron y se hicieron intransitables. Se temi√≥ que no se pudiera jugar el partido Alemania y Estados Unidos, correspondiente al Grupo G de la Copa del Mundo, pero aunque los accesos estaban inundados el terreno de juego hab√≠a drenado bien y se pudo jugar sin problemas. Foto: PATRIK STOLLARZ AFP Actualizado: 26/06/2014 21:00





Inundaciones en Recife sede del Mundial 2014 Llovi√≥ durante toda la noche, y las calles de Recife se inundaron y se hicieron intransitables. Se temi√≥ que no se pudiera jugar el partido Alemania y Estados Unidos, correspondiente al Grupo G de la Copa del Mundo, pero aunque los accesos estaban inundados el terreno de juego hab√≠a drenado bien y se pudo jugar sin problemas. Foto: PATRIK STOLLARZ AFP Actualizado: 26/06/2014 21:00





Inundaciones en Recife sede del Mundial 2014 Llovi√≥ durante toda la noche, y las calles de Recife se inundaron y se hicieron intransitables. Se temi√≥ que no se pudiera jugar el partido Alemania y Estados Unidos, correspondiente al Grupo G de la Copa del Mundo, pero aunque los accesos estaban inundados el terreno de juego hab√≠a drenado bien y se pudo jugar sin problemas. Foto: PATRIK STOLLARZ AFP Actualizado: 26/06/2014 21:00





Inundaciones en Recife sede del Mundial 2014 Llovi√≥ durante toda la noche, y las calles de Recife se inundaron y se hicieron intransitables. Se temi√≥ que no se pudiera jugar el partido Alemania y Estados Unidos, correspondiente al Grupo G de la Copa del Mundo, pero aunque los accesos estaban inundados el terreno de juego hab√≠a drenado bien y se pudo jugar sin problemas. Foto: PATRIK STOLLARZ AFP Actualizado: 26/06/2014 21:00





Inundaciones en Recife sede del Mundial 2014 Llovi√≥ durante toda la noche, y las calles de Recife se inundaron y se hicieron intransitables. Se temi√≥ que no se pudiera jugar el partido Alemania y Estados Unidos, correspondiente al Grupo G de la Copa del Mundo, pero aunque los accesos estaban inundados el terreno de juego hab√≠a drenado bien y se pudo jugar sin problemas. Foto: PATRIK STOLLARZ AFP Actualizado: 26/06/2014 21:00





Inundaciones en Recife sede del Mundial 2014 Llovi√≥ durante toda la noche, y las calles de Recife se inundaron y se hicieron intransitables. Se temi√≥ que no se pudiera jugar el partido Alemania y Estados Unidos, correspondiente al Grupo G de la Copa del Mundo, pero aunque los accesos estaban inundados el terreno de juego hab√≠a drenado bien y se pudo jugar sin problemas. Foto: PATRIK STOLLARZ AFP Actualizado: 26/06/2014 21:00





Inundaciones en Recife sede del Mundial 2014 Llovi√≥ durante toda la noche, y las calles de Recife se inundaron y se hicieron intransitables. Se temi√≥ que no se pudiera jugar el partido Alemania y Estados Unidos, correspondiente al Grupo G de la Copa del Mundo, pero aunque los accesos estaban inundados el terreno de juego hab√≠a drenado bien y se pudo jugar sin problemas. Foto: PATRIK STOLLARZ AFP Actualizado: 26/06/2014 21:00





Inundaciones en Recife sede del Mundial 2014 Llovi√≥ durante toda la noche, y las calles de Recife se inundaron y se hicieron intransitables. Se temi√≥ que no se pudiera jugar el partido Alemania y Estados Unidos, correspondiente al Grupo G de la Copa del Mundo, pero aunque los accesos estaban inundados el terreno de juego hab√≠a drenado bien y se pudo jugar sin problemas. Foto: PATRIK STOLLARZ AFP Actualizado: 26/06/2014 21:00





Inundaciones en Recife sede del Mundial 2014 Llovi√≥ durante toda la noche, y las calles de Recife se inundaron y se hicieron intransitables. Se temi√≥ que no se pudiera jugar el partido Alemania y Estados Unidos, correspondiente al Grupo G de la Copa del Mundo, pero aunque los accesos estaban inundados el terreno de juego hab√≠a drenado bien y se pudo jugar sin problemas. Foto: PATRIK STOLLARZ AFP Actualizado: 26/06/2014 21:00





Inundaciones en Recife sede del Mundial 2014 Llovi√≥ durante toda la noche, y las calles de Recife se inundaron y se hicieron intransitables. Se temi√≥ que no se pudiera jugar el partido Alemania y Estados Unidos, correspondiente al Grupo G de la Copa del Mundo, pero aunque los accesos estaban inundados el terreno de juego hab√≠a drenado bien y se pudo jugar sin problemas. Foto: PATRIK STOLLARZ AFP Actualizado: 26/06/2014 21:00





Inundaciones en Recife sede del Mundial 2014 Llovi√≥ durante toda la noche, y las calles de Recife se inundaron y se hicieron intransitables. Se temi√≥ que no se pudiera jugar el partido Alemania y Estados Unidos, correspondiente al Grupo G de la Copa del Mundo, pero aunque los accesos estaban inundados el terreno de juego hab√≠a drenado bien y se pudo jugar sin problemas. Foto: PATRIK STOLLARZ AFP Actualizado: 26/06/2014 21:00





Inundaciones en Recife sede del Mundial 2014 Llovi√≥ durante toda la noche, y las calles de Recife se inundaron y se hicieron intransitables. Se temi√≥ que no se pudiera jugar el partido Alemania y Estados Unidos, correspondiente al Grupo G de la Copa del Mundo, pero aunque los accesos estaban inundados el terreno de juego hab√≠a drenado bien y se pudo jugar sin problemas. Foto: PATRIK STOLLARZ AFP Actualizado: 26/06/2014 21:00





Inundaciones en Recife sede del Mundial 2014 Llovi√≥ durante toda la noche, y las calles de Recife se inundaron y se hicieron intransitables. Se temi√≥ que no se pudiera jugar el partido Alemania y Estados Unidos, correspondiente al Grupo G de la Copa del Mundo, pero aunque los accesos estaban inundados el terreno de juego hab√≠a drenado bien y se pudo jugar sin problemas. Foto: PATRIK STOLLARZ AFP Actualizado: 26/06/2014 21:00





Inundaciones en Recife sede del Mundial 2014 Llovi√≥ durante toda la noche, y las calles de Recife se inundaron y se hicieron intransitables. Se temi√≥ que no se pudiera jugar el partido Alemania y Estados Unidos, correspondiente al Grupo G de la Copa del Mundo, pero aunque los accesos estaban inundados el terreno de juego hab√≠a drenado bien y se pudo jugar sin problemas. Foto: PATRIK STOLLARZ AFP Actualizado: 26/06/2014 21:00





Inundaciones en Recife sede del Mundial 2014 Llovi√≥ durante toda la noche, y las calles de Recife se inundaron y se hicieron intransitables. Se temi√≥ que no se pudiera jugar el partido Alemania y Estados Unidos, correspondiente al Grupo G de la Copa del Mundo, pero aunque los accesos estaban inundados el terreno de juego hab√≠a drenado bien y se pudo jugar sin problemas. Foto: PATRIK STOLLARZ AFP Actualizado: 26/06/2014 21:00





Inundaciones en Recife sede del Mundial 2014 Llovi√≥ durante toda la noche, y las calles de Recife se inundaron y se hicieron intransitables. Se temi√≥ que no se pudiera jugar el partido Alemania y Estados Unidos, correspondiente al Grupo G de la Copa del Mundo, pero aunque los accesos estaban inundados el terreno de juego hab√≠a drenado bien y se pudo jugar sin problemas. Foto: PATRIK STOLLARZ AFP Actualizado: 26/06/2014 21:00





Inundaciones en Recife sede del Mundial 2014 Llovi√≥ durante toda la noche, y las calles de Recife se inundaron y se hicieron intransitables. Se temi√≥ que no se pudiera jugar el partido Alemania y Estados Unidos, correspondiente al Grupo G de la Copa del Mundo, pero aunque los accesos estaban inundados el terreno de juego hab√≠a drenado bien y se pudo jugar sin problemas. Foto: EMMANUEL DUNAND AFP Actualizado: 26/06/2014 21:00





Inundaciones en Recife sede del Mundial 2014 Llovi√≥ durante toda la noche, y las calles de Recife se inundaron y se hicieron intransitables. Se temi√≥ que no se pudiera jugar el partido Alemania y Estados Unidos, correspondiente al Grupo G de la Copa del Mundo, pero aunque los accesos estaban inundados el terreno de juego hab√≠a drenado bien y se pudo jugar sin problemas. Foto: EMMANUEL DUNAND AFP Actualizado: 26/06/2014 21:00





Inundaciones en Recife sede del Mundial 2014 Llovi√≥ durante toda la noche, y las calles de Recife se inundaron y se hicieron intransitables. Se temi√≥ que no se pudiera jugar el partido Alemania y Estados Unidos, correspondiente al Grupo G de la Copa del Mundo, pero aunque los accesos estaban inundados el terreno de juego hab√≠a drenado bien y se pudo jugar sin problemas. Foto: EMMANUEL DUNAND AFP Actualizado: 26/06/2014 21:00





Inundaciones en Recife sede del Mundial 2014 Llovi√≥ durante toda la noche, y las calles de Recife se inundaron y se hicieron intransitables. Se temi√≥ que no se pudiera jugar el partido Alemania y Estados Unidos, correspondiente al Grupo G de la Copa del Mundo, pero aunque los accesos estaban inundados el terreno de juego hab√≠a drenado bien y se pudo jugar sin problemas. Foto: EMMANUEL DUNAND AFP Actualizado: 26/06/2014 21:00





Inundaciones en Recife sede del Mundial 2014 Llovi√≥ durante toda la noche, y las calles de Recife se inundaron y se hicieron intransitables. Se temi√≥ que no se pudiera jugar el partido Alemania y Estados Unidos, correspondiente al Grupo G de la Copa del Mundo, pero aunque los accesos estaban inundados el terreno de juego hab√≠a drenado bien y se pudo jugar sin problemas. Foto: PATRIK STOLLARZ AFP Actualizado: 26/06/2014 21:00





Inundaciones en Recife sede del Mundial 2014 Llovi√≥ durante toda la noche, y las calles de Recife se inundaron y se hicieron intransitables. Se temi√≥ que no se pudiera jugar el partido Alemania y Estados Unidos, correspondiente al Grupo G de la Copa del Mundo, pero aunque los accesos estaban inundados el terreno de juego hab√≠a drenado bien y se pudo jugar sin problemas.D Foto: EMMANUEL DUNAND AFP Actualizado: 26/06/2014 21:00





Inundaciones en Recife sede del Mundial 2014 Llovi√≥ durante toda la noche, y las calles de Recife se inundaron y se hicieron intransitables. Se temi√≥ que no se pudiera jugar el partido Alemania y Estados Unidos, correspondiente al Grupo G de la Copa del Mundo, pero aunque los accesos estaban inundados el terreno de juego hab√≠a drenado bien y se pudo jugar sin problemas. Foto: EMMANUEL DUNAND AFP Actualizado: 26/06/2014 21:00





Inundaciones en Recife sede del Mundial 2014 Llovi√≥ durante toda la noche, y las calles de Recife se inundaron y se hicieron intransitables. Se temi√≥ que no se pudiera jugar el partido Alemania y Estados Unidos, correspondiente al Grupo G de la Copa del Mundo, pero aunque los accesos estaban inundados el terreno de juego hab√≠a drenado bien y se pudo jugar sin problemas. Foto: EMMANUEL DUNAND AFP Actualizado: 26/06/2014 21:00





Inundaciones en Recife sede del Mundial 2014 Llovi√≥ durante toda la noche, y las calles de Recife se inundaron y se hicieron intransitables. Se temi√≥ que no se pudiera jugar el partido Alemania y Estados Unidos, correspondiente al Grupo G de la Copa del Mundo, pero aunque los accesos estaban inundados el terreno de juego hab√≠a drenado bien y se pudo jugar sin problemas. Foto: EMMANUEL DUNAND AFP Actualizado: 26/06/2014 21:00





Inundaciones en Recife sede del Mundial 2014 Llovi√≥ durante toda la noche, y las calles de Recife se inundaron y se hicieron intransitables. Se temi√≥ que no se pudiera jugar el partido Alemania y Estados Unidos, correspondiente al Grupo G de la Copa del Mundo, pero aunque los accesos estaban inundados el terreno de juego hab√≠a drenado bien y se pudo jugar sin problemas. Foto: EMMANUEL DUNAND AFP Actualizado: 26/06/2014 21:00





Inundaciones en Recife sede del Mundial 2014 Llovi√≥ durante toda la noche, y las calles de Recife se inundaron y se hicieron intransitables. Se temi√≥ que no se pudiera jugar el partido Alemania y Estados Unidos, correspondiente al Grupo G de la Copa del Mundo, pero aunque los accesos estaban inundados el terreno de juego hab√≠a drenado bien y se pudo jugar sin problemas. Foto: EMMANUEL DUNAND AFP Actualizado: 26/06/2014 21:00





Inundaciones en Recife sede del Mundial 2014 Llovi√≥ durante toda la noche, y las calles de Recife se inundaron y se hicieron intransitables. Se temi√≥ que no se pudiera jugar el partido Alemania y Estados Unidos, correspondiente al Grupo G de la Copa del Mundo, pero aunque los accesos estaban inundados el terreno de juego hab√≠a drenado bien y se pudo jugar sin problemas. Foto: EMMANUEL DUNAND AFP Actualizado: 26/06/2014 21:00



"	Thu, 26 Jun 2014 07:00:00 GMT	https://as00.epimg.net/img/comunes/redes/gplus/futbol.png	['temi√≥', 'recife', 'toda', 'sede', 'inundaciones', 'pudo', 'pudiera', 'partido', 'unidos', 'mundial', '2014', 'jugar', 'terreno']	 	none
10	FL-2014-000084-ARG-ES	Exportan hierro argentino desde Sierra Grande con destino a Estados Unidos - T√©lam	https://www.telam.com.ar/notas/201407/69812-exportaciones-hierro-mineria-mayoral-sierra-grande-estados-unidos.html	La mina Sierra Grande -que opera la empresa china MCC- despachar√° desde el muelle de Punta Colorada un cargamento de 49.500 toneladas de hierro con destino a Houston, Estados Unidos, destac√≥ hoy el secretario de Miner√≠a, Jorge Mayoral.Mayoral, en representaci√≥n del Ministerio de Planificaci√≥n Federal e Inversi√≥n P√∫blica, junto al intendente de Sierra Grande, Renzo Tamburrini, y el Gerente General de MCC, Chen Qifang, presenciaron la carga del mineral en el puerto rionegrino, debido a que el buque partir√° esta noche con destino a Estados Unidos.Mayoral record√≥ que este proyecto se reactiv√≥ en 2006 y que "hoy genera 600 puestos de trabajo directos, oportunidades para emprendedores de servicios locales, exporta hierro a distintos pa√≠ses del mundo, y genera as√≠ divisas para el pa√≠s".Esta es la primera exportaci√≥n que se hace desde el pasado mes de abril cuando las fuertes inundaciones se llevaron el acueducto.El intendente Tamburrini dijo que "el yacimiento es la columna vertebral de la econom√≠a local", y enfatiz√≥ que "su reactivaci√≥n devolvi√≥ la identidad de pueblo minero"."Tras su cierre quedamos menos de 6.000 personas, hoy muchos volvieron y llegaron otros y ya somos 14.000 habitantes", cont√≥.La operaci√≥n de carga se efect√∫a en el muelle ubicado en Punta Colorada, a 30 kil√≥metros de Sierra Grande, a d√≥nde los pelletes de hierro llegan a trav√©s de un ferroducto.La planta y el yacimiento ferr√≠fero de Sierra Grande, fundados en los a√±os 70 por la disuelta empresa estatal Hipasam, fueron clausurados durante el gobierno de Carlos Menem, en 1991, y se los recuper√≥ con el apoyo del presidente N√©stor Kirchner, en el marco de las pol√≠ticas de desarrollo de las econom√≠as regionales.En 2006 se la concesion√≥ a MCC, que realiz√≥ una inversi√≥n inicial de $ 442,5 millones para reactivar el complejo minero, que consta de la mina subterr√°nea, Planta de Tratamiento y Puerto.Su producci√≥n actual es de 1.000.000 de toneladas anuales de mineral crudo, y 400.000 de hierro concentrado, con proyecci√≥n de elevarla a 2,8 millones de toneladas.La empresa china, considerada entre las 500 m√°s importantes del mundo, puso en marcha el ferroducto, y proyecta la construcci√≥n de la primera planta de desalinizaci√≥n de agua marina para ser utilizada en un proyecto productivo en el pa√≠s.En la d√©cada de los 70 y 80, sus 96 kil√≥metros de t√∫neles y m√°s de 500 metros de profundidad convirtieron a Sierra Grande, en la mina de hierro m√°s grande de Sudam√©rica, y en la "la raz√≥n de ser" de esa localidad rionegrina a la que le generaba empleo para la mayor√≠a de sus habitantes. Cuando un decreto presidencial la cerr√≥, m√°s de la mitad de su poblaci√≥n emigr√≥.En 2013 Sierra Grande realiz√≥ exportaciones a Estados Unidos, Australia y China por 380 millones de pesos.Mayoral visito hoy la mina acompa√±ado por el el gerente de MCC, y el secretario de la Asociaci√≥n de Obreros Mineros (AOMA), Ra√∫l Petronetti, con los que esta tarde firm√≥ acuerdo de Capacitaci√≥n sobre Seguridad e Higiene y para Manejo de Explosivos.	Thu, 03 Jul 2014 07:00:00 GMT	http://www.telam.com.ar/advf/imagenes/2014/07/53b5aded46370_400x266.jpg	['grande', 'exportan', 'hoy', 'destino', 'argentino', 'planta', 'hierro', 'millones', 'unidos', 'china', 'mina', 'sierra', 'empresa', 'mcc']	 	none
11	FL-2014-000084-ARG-ES	Argentino Zabaleta posa desnudo por accidente - Diario La Prensa - La Prensa de Honduras	https://www.laprensa.hn/deportes/mundialbrasil2014/724556-98/argentino-zabaleta-posa-desnudo-por-accidente	nan	Mon, 30 Jun 2014 07:00:00 GMT		[]	 	none
12	FL-2014-000084-ARG-ES	Suman casi 250 mil damnificados - Paraguay.com	https://www.paraguay.com/nacionales/suman-casi-250-mil-damnificados-111653	nan	Wed, 09 Jul 2014 07:00:00 GMT		[]	 	none
13	FL-2014-000084-ARG-ES	Los accesos por tierra a la Isla del Cerrito en el Chaco anegados por la crecida de los r√≠os - T√©lam	https://www.telam.com.ar/notas/201407/69690-chaco-inundaciones-litoral-rio-parana-rio-uruguay-isla-del-cerrito.html	"En la Isla fueron reubicadas 226 familias por la crecida de ambos r√≠os mientras que esta situaci√≥n ""se va a mantener por 20 d√≠as m√°s"" de acuerdo a los √∫ltimos informes meteorol√≥gicos, dijo a T√©lam el jefe comunal.



""Continuamos en alerta"" dijo Garc√≠a y a√±adi√≥: ""el r√≠o Paraguay est√° ahora m√°s alto que en la hist√≥rica inundaci√≥n del a√±o 1982, con todos los caminos por tierra anegados"".



""En tanto no bajen los caudales de los r√≠os, la Isla del Cerrito puede verse m√°s afectada en el tiempo a diferencia de otras localidades ribere√±as"", asegur√≥ el intendente.



A la isla, de poco m√°s de 1.900 habitantes, se puede llegar ""cuando las alturas de los r√≠os lo permiten, despu√©s de recorrer 54 kil√≥metros, primero en la costa sobre el riacho Ancho y luego cruzando el puente San Pedro para ya en la isla hacer otro tramo, que tambi√©n ahora est√° bajo las aguas en una de sus partes"", explic√≥ el jefe comunal.



La isla es un lugar hist√≥rico por varios motivos: Sebasti√°n Gaboto fue el primero en pisar su suelo en 1542, fue capital del Territorio Nacional Chaco, un lugar clave en la Guerra de la Triple Alianza, estuvo ocupada por el Brasil durante un tiempo y las construcciones m√°s antiguas dan cuenta del leprosario que funcion√≥ hasta 1960.



El lugar es visitado por quienes gustan de la pesca con embarcaciones. En el extremo Norte de la isla est√° asentado el municipio sobre un peque√±o cerro de 20 metros de altura, donde funciona una hoster√≠a, el camping municipal y el embarcadero de lanchas.

"	Wed, 02 Jul 2014 07:00:00 GMT	https://www.telam.com.ar/advf/imagenes/2012/12/50c0fab9df61c_510x329.png	['cerrito', 'anegados', 'tiempo', 'puede', 'chaco', 'jefe', '20', 'isla', 'r√≠os', 'primero', 'ahora', 'tierra', 'lugar', 'dijo', 'accesos', 'crecida']	 	flood
14	FL-2014-000084-ARG-ES	Inundaciones en el sur de Brasil dejan 50.000 evacuados - Panam√° Am√©rica	https://www.panamaamerica.com.pa/mundo/inundaciones-en-el-sur-de-brasil-dejan-50000-evacuados	"Inundaciones en el sur de Brasil dejan 50.000 evacuados

Las intensas precipitaciones que afectan desde el pasado jueves el sur de Brasil, causando inundaciones y el desborde de varios r√≠os, han obligado a cerca de 50.000 personas a dejar sus hogares. El estado de Santa Catarina, es el m√°s afectado.

Las intensas precipitaciones que afectan desde el pasado jueves el sur de Brasil, causando inundaciones y el desborde de varios r√≠os, han obligado a cerca de 50.000 personas a dejar sus hogares. El estado de Santa Catarina, es el m√°s afectado."	Sun, 29 Jun 2014 07:00:00 GMT	https://www.panamaamerica.com.pa/sites/default/files/field/image/agua_brasil.jpg	['50000', 'brasil', 'dejan', 'santa', 'sur', 'varios', 'inundaciones', 'r√≠os', 'personas', 'pasado', 'precipitaciones', 'evacuados']	 	flood
15	FL-2014-000084-ARG-ES	Messi es un apasionado por la cumbia - El Comercio - El Comercio (Ecuador)	https://www.elcomercio.com/deportes/futbol/futbol-mundial-2014-brasil-2014-71.html	"Lionel Messi remat√≥ a la esquina imposible de tapar del portero Haghighi y nuevamente se convierte en la soluci√≥n argentina. Foto: AFP

Redacci√≥n Deportes

Lionel Messi remat√≥ a la esquina imposible de tapar del portero Haghighi y nuevamente se convierte en la soluci√≥n argentina. Foto: AFP

.log-gg{width:20%;}.log-gg img{padding-right: 10px;}

La cumbia es la m√∫sica preferida de Lionel Messi y su cantante favorito es el colombiano, Sergio Torres. El tambi√©n compositor le dedic√≥ una especial canci√≥n a su admirador: ‚ÄúLa octava maravilla‚Äù.

La letra destaca el talento de ‚ÄòLio‚Äô, ‚ÄúY no es mentira que el que viene es el ‚Äòmessias‚Äô,‚Ä¶. de lo m√°s grande futbol que tuvo argentina‚Äù, relata una parte de la canci√≥n que conmemora la carrera del astro argentino.

Adem√°s coment√≥, que le gusta la m√∫sica tranquila, como el reggae. Y aprovech√≥ para develar cu√°l es una de las canciones m√°s especiales para √©l. ‚ÄúMe gusta mucho la canci√≥n ‚ÄòHijo‚Äô de Los Cafres por lo que dice y lo que cuenta‚Äù.

‚ÄòLa Pulga‚Äô tambi√©n confes√≥ que est√° aprendiendo a tocar la guitarra y que no le puede dedicar todo el tiempo que desear√≠a. ‚ÄúMe gusta mucho (la guitarra) y me gustar√≠a saber tocar. Me ayuda a relajarme‚Äù, se√±al√≥."	Fri, 04 Jul 2014 07:00:00 GMT	https://imagenes.elcomercio.com/files/article_main/uploads/2014/06/21/53a5cb7e7d2bc.jpg	['apasionado', 'canci√≥n', 'argentina', 'gusta', 'messi', 'nuevamente', 'portero', 'tapar', 'soluci√≥n', 'cumbia', 'tocar', 'remat√≥']	 	none
16	FL-2014-000084-ARG-ES	Para Berni, la actitud de "Bebote" en el Mundial es "de patotero" - Perfil.com	https://www.perfil.com/noticias/policia/para-berni-la-actitud-de-bebote-en-el-mundial-es-de-patotero-20140702-0034.phtml	"El secretario de Seguridad, Sergio Berni denunci√≥ hoy el ""patoterismo"" de Pablo ""Bebote"" √Ålvarez, jefe de la barrabrava de Independiente, quien se habr√≠a burlado de las autoridades argentinas al ingresar al estadio Arena Corinthians para ver el partido Argentina-Suiza, disfrazado de hincha del equipo europeo.



Sin embargo, el funcionario minimiz√≥ el triunfo del que se jact√≥ √Ålvarez y su abogada en las redes sociales, cuando publicaron ""Bebote 2-ministerio de Seguridad 0"".

""√Ålvarez no ten√≠a ning√∫n impedimento para salir del pa√≠s, as√≠ que como cualquier ciudadano argentino que quiera hacerlo entr√≥ a Brasil, con un pasaporte mediante el cual las autoridades brasile√±as lo dejaron pasar. Hasta tanto √©stas no descarten un ingreso ilegal, ha ingresado legalmente"", recalc√≥.



Cuando le preguntaron si el nombre de √Ålvarez figuraba en el listado enviado por las autoridades argentinas sobre los barrabravas que pod√≠an llegar a viajar al Mundial, Berni afirm√≥: ""En el convenio de colaboraci√≥n el listado es confidencial, as√≠ que no podemos decir si estaba o no estaba"".



""Bebote"" √Ålvarez, jefe de la barra de Independiente, subi√≥ en las √∫ltimas horas a su perfil de Facebook fotos en donde se lo ve disfrazado como un hincha suizo, con la cara pintada de los colores de la bandera de ese pa√≠s, anteojos negros, bufanda y sombrero. Cuando la Agencia DyN consult√≥ a la abogada del barra D√©bora Hambo, la letrada respondi√≥: ""Bebote 2-ministerio de Seguridad 0. Pablo me dijo que diga eso, textual"".



√Ålvarez ya hab√≠a logrado entrar al partido entre la Argentina y Nigeria, que se disput√≥ en Porto Alegre, con una peluca celeste y una bufanda y luego public√≥ en su perfil de Facebook: ""Bebote 1-PFA (Polic√≠a Federal Argentina) 0"".



Desde Misiones, donde se encontraba recorriendo la zona por las inundaciones, Berni asegur√≥ a radio Latina que ""es lamentable la actitud de este patotero y de su abogada D√©bora Hambo"". ""Son provocadores. Las fotos no son m√°s que una maniobra de marketing de un estudio jur√≠dico y auto-promoci√≥n a trav√©s del patoterismo al que nos tiene acostumbrados"", sostuvo Berni.



El funcionario afirm√≥ que ""sabemos cu√°l ha sido su accionar todo este tiempo"", pero hizo hincapi√© en que ""√Ålvarez no ten√≠a ning√∫n impedimento para salir del pa√≠s, as√≠ que como cualquier ciudadano argentino que quiera hacerlo"".

""Cualquier ciudadano argentino que no tenga impedimento puede salir y es potestad soberana de Brasil admitirlo o no. Si Brasil lo dej√≥ ingresar legalmente a trav√©s de su pasaporte, es decisi√≥n de las autoridades brasile√±as. En este caso no ha violentado ninguna norma, es potestad de las autoridades brasile√±as dejarlo entrar y es potestad de ellos decidir si sigue estando o no"", a√±adi√≥."	Wed, 02 Jul 2014 07:00:00 GMT	https://fotos.perfil.com/2014/07/02/trim/1140/641/berni-critico-el-accionar-del-barrabrava-0702-g1.jpg	['ciudadano', 'berni', 'seguridad', 'bebote', '√°lvarez', 'si', 'actitud', 'autoridades', 'salir', 'potestad', 'patotero', 'mundial', 'impedimento', 'pa√≠s']	 	none
17	FL-2014-000084-ARG-ES	Con el pron√≥stico de nuevas lluvias, vuelve el alerta a toda la cuenca del Paran√° - Clar√≠n.com	https://www.clarin.com/sociedad/inundaciones-crecidas-parana-alerta-lluvias_0_HJWx1x3cPXl.html	"El pron√≥stico de abundantes lluvias en el norte del litoral para toda esta semana actualiza el alerta por crecidas en la cuenca del Paran√°.

El Servicio Meteorol√≥gico Nacional (SMN) anunci√≥ hoy una semana ""muy inestable"" y con ""abundantes precipitaciones"" para el norte del Litoral. En un informe especial emitido en la ma√±ana de hoy, el SMN indica que ""se prev√© una semana muy inestable en el norte del Litoral argentino, con la formaci√≥n de lluvias y tormentas en los sucesivos d√≠as junto con mejoras de tipo temporarias"". El organismo se√±ala que ""se esperan precipitaciones localmente abundantes al menos hasta el d√≠a viernes, con picos m√°ximos en todo el per√≠odo, pudiendo superar los 150 mil√≠metros"".

El r√≠o Paran√° continu√≥ creciendo en las √∫ltimas doce horas en el norte entrerriano, pero se mantuvo estacionario frente a la capital provincial y en el predelta, informaron hoy voceros de la Prefectura Naval Argentina (PNA).

La ciudad de La Paz, que es la primera localidad entrerriana que est√° sintiendo los efectos de la hasta ahora moderada crecida del r√≠o, ten√≠a hoy un registro de 5,59 metros, con una crecida de 4 cent√≠metros desde ayer y 19 desde el viernes √∫ltimo. En Santa Elena el r√≠o marcaba hoy 5,45 metros, con un repunte en las √∫ltimas 12 horas de 5 cent√≠metros. En Hernandarias la altura era de 4,96 metros, creciendo 4 cent√≠metros; en Paran√° de 4,12 metros, 12 cent√≠metros m√°s que el viernes pero estacionario desde ayer, y en el puerto de Diamante con 4,58 metros, subi√≥ dos cent√≠metros desde ayer.

En la zona sur de la provincia, donde comienza el predelta, el r√≠o alcanzaba hoy frente a Victoria una profundidad de 4,12 metros y permanec√≠a estacionario. Seg√∫n estimaciones oficiales, en la ribera entrerriana ba√±ada por el r√≠o Paran√° ser√° necesario evacuar entre 1.500 a 2.000 personas y casi 600.000 animales que pastan en las islas.

Por su parte, el pron√≥stico de abundantes lluvias para la primera mitad de la semana mantiene el estado de alerta en las zonas ribere√±as de los r√≠os Paran√° e Iguaz√∫, indic√≥ la Entidad Binacional Yacyret√° (EBY).

La previsi√≥n es de precipitaciones muy abundantes en las cuencas misionero-paraguayas m√°s cercanas al embalse de Yacyret√°, en tanto algunos modelos comienzan a marcar valores acumulados importantes para la cuenca baja del r√≠o Iguaz√∫ y la del Paran√° aguas arriba de Itaip√∫ para fines de esta semana.

Este fen√≥meno -expuso la EBY- debe ser seguido con atenci√≥n durante los pr√≥ximos d√≠as. El organismo se√±al√≥ que los caudales del Paran√° en el Punto Trifinio -donde convergen las fronteras de la Argentina, Paraguay y Brasil- contin√∫an su tendencia a la baja, como los del Iguaz√∫, lo que ""genera un alivio moment√°neo en relaci√≥n al aporte de los grandes r√≠os de la regi√≥n"".

No obstante, si se dan las fuertes lluvias pronosticadas para la primera mitad de la semana los caudales del Paran√° a la altura de Yacyreta, luego de experimentar una baja durante los pr√≥ximos d√≠as, podr√≠an llegar nuevamente a unos 20.000 a 22.000 metros c√∫bicos por segundo entre el mi√©rcoles o el jueves, advirtieron. ""A partir de all√≠ -dice el informe de la EBY-, no es posible marcar todav√≠a una tendencia de los caudales"".

Los niveles en el hidr√≥metro de la localidad de Ituzaing√≥ (provincia de Corrientes), cercano a la represa en la Argentina, eran esta ma√±ana de 2,08 metros y no mostraban variaci√≥n en las √∫ltimas 24 horas. Prev√©n que ese comportamiento se mantendr√° durante los pr√≥ximos d√≠as, con valores alrededor de los 2 metros.

El √∫ltimo informe del Instituto Nacional del Agua (INA) indica que el r√≠o Paraguay no alcanz√≥ su pico m√°ximo de creciente aunque su caudal sigue siendo ""sostenido y muy alto"". Adem√°s, el nivel del Paraguay en Puerto Pilcomayo, en la ciudad de Clorinda, alcanz√≥ los 7,20 metros este mediod√≠a y se espera un pico m√°ximo de 7,30 metros para la primera semana de julio.

En la ciudad de Formosa, en tanto, ""el nivel contin√∫a en franco ascenso y se espera un pico de 8,30 metros para la primera semana de julio"", se√±ala el informe. A ra√≠z de las crecidas los gobiernos provincial y municipal continuaba evacuando a las familias anegadas (un total de unas 5.000 personas) y las reubicaba en lugares como El Porvenir o el lote 111, en el sur de la capital.

Fuente: T√©lam."	Mon, 23 Jun 2014 07:00:00 GMT	https://images.clarin.com/2014/06/11/rJG0JK9oml_600x338.jpg	['toda', 'lluvias', 'hoy', 'norte', 'pron√≥stico', 'cuenca', 'vuelve', 'semana', 'paran√°', 'cent√≠metros', 'abundantes', 'nuevas', 'metros', 'r√≠o', 'primera', 'alerta']	 	flood
18	FL-2014-000084-ARG-ES	La onda de crecida del r√≠o Paraguay est√° por alcanzar su m√°ximo - T√©lam	https://www.telam.com.ar/notas/201406/68383-la-onda-de-crecida-del-rio-paraguay-esta-por-alcanzar-su-maximo.php	El registro de Prefectura Naval en el puerto de la capital formose√±a fue hoy de 8,28 metros, a solo 2 cent√≠metros de entrar al nivel de evacuaci√≥n, mientras que en Puerto Pilcomayo, en la ciudad de Clorinda, se registr√≥ una suba de 3 cent√≠metros.En la ciudad de Formosa son m√°s de diez los barrios afectados y un total de 5.000 las personas reubicadas en el sector de El Porvenir y en el Lote 111, cerca del barrio 12 de Octubre, donde se establecieron los m√≥dulos provisorios que albergan a los damnificados.La localidad de Clorinda tambi√©n se ve afectada, con familias evacuadas de las islas 25 de Mayo, Apando, Isla Verde, Esperanza y Buey Muerto, adem√°s de los barrios Porte√±o Sur y Norte, Porte√±ito, Puerto Pilcomayo y Guadalupe."El r√≠o Paraguay, en toda su cuenca desde sus nacientes en Brasil han tenido lluvias muy significativas desde febrero que han provocado cambios muy bruscos desde aguas muy por abajo de lo normal a muy por arriba", indic√≥ a T√©lam el responsable del pron√≥stico hidrom√©trico de la Cuenca del Plata del INA, Juan Bor√∫s."La onda de crecida resultante est√° terminando de alcanzar su m√°ximo, con grandes aportes de la cuenca media del R√≠o Paraguay y tambi√©n el Chaco paraguayo aport√≥ mucho caudal desde sus riachos", manifest√≥.En consecuencia, el especialista asegur√≥ que "en el tramo formose√±o tenemos desde hace mas de un mes una situaci√≥n de emergencia que se fue complicando con las lluvias locales, lo que gener√≥ grandes inundaciones tanto del lado argentino como del lado paraguayo".Por su parte, el r√≠o Paran√° continu√≥ creciendo en las √∫ltimas 12 horas en el norte entrerriano, pero se mantuvo estacionario frente a la capital provincial y en el predelta, informaron hoy voceros de la Prefectura Naval Argentina (PNA).La ciudad de La Paz, que es la primera localidad entrerriana que est√° sintiendo los efectos de la hasta ahora moderada crecida del r√≠o, ten√≠a hoy un registro de 5,59 metros, con una crecida de 4 cent√≠metros desde ayer y 19 desde el viernes √∫ltimo.En Santa Elena el r√≠o marcaba hoy 5,45 metros, con un repunte en las √∫ltimas 12 horas de 5 cent√≠metros.En Hernandarias la altura era de 4,96 metros, creciendo 4 cent√≠metros; en Paran√° de 4,12 metros, 12 cent√≠metros m√°s que el viernes pero estacionario desde ayer, y en el puerto de Diamante con 4,58 metros, subi√≥ 2 cent√≠metros desde ayer.En la zona sur de la provincia, donde comienza el predelta, el r√≠o alcanzaba hoy frente a Victoria una profundidad de 4,12 metros y permanec√≠a estacionario.Por el contrario, en Chaco el r√≠o Paran√° marc√≥ hoy los 6,40 metros en la localidad de Puerto Barranqueras, una baja de 60 cent√≠metros respecto al pico alcanzado el mi√©rcoles de la semana pasada, inform√≥ la Administraci√≥n Provincial del Agua.El descenso del nivel produjo el regreso de los primeros pobladores a sus hogares en la costa chaque√±a, quienes encontraron los inconvenientes propios de las circunstancias: mucho barro en el suelo que estuvo cubierto por agua los d√≠as anteriores.	Mon, 23 Jun 2014 07:00:00 GMT	http://www.telam.com.ar/advf/imagenes/2014/06/53a839b44a6c7_400x266.jpg	['puerto', 'hoy', '12', 'm√°ximo', 'onda', 'cuenca', 'paran√°', 'cent√≠metros', 'alcanzar', 'metros', 'localidad', 'r√≠o', 'paraguay', 'crecida']	 	flood
19	FL-2014-000084-ARG-ES	Inundaciones en Formosa y Misiones: 7.000 afectados - Los Andes (Argentina)	https://www.losandes.com.ar/article/inundaciones-en-formosa-y-misiones-7-000-afectados	"Las nuevas lluvias y tormentas previstas para este fin de semana en Misiones, norte de Corrientes y la cuenca del r√≠o Paraguay, agravar√°n la situaci√≥n en Misiones y Formosa, en donde los afectados superan los 7.000 y los gobiernos provinciales alistan los operativos de asistencia y puesta en funcionamiento de bombas extractoras.

Tanto la cuenca del Paran√° como la del Uruguay se ver√°n afectadas por las lluvias, que ya totalizaron en los √∫ltimos cuatro d√≠as entre 150 y 250 mil√≠metros de agua, mientras que se espera una crecida importante del r√≠o Paraguay, que afectar√° a la zona ribere√±a de Formosa, la provincia m√°s afectada.

All√≠, donde cifras oficiales dan cuenta de 6.000 personas afectadas, la ciudad m√°s perjudicada es Clorinda, en el l√≠mite con Paraguay, donde se inund√≥ el casco c√©ntrico y se suspendieron las clases mientras que en la localidad de Pilcomayo todos los pobladores se autoevacuaron.

En tanto, en la ciudad de Formosa unas mil familias sufren las contingencias de las lluvias y los desbordes del r√≠o, que ayer lleg√≥ a los 8,53 metros. T√©lam"	Sat, 28 Jun 2014 07:00:00 GMT	https://images.losandes.com.ar/resizer/iNFXDOCoaLyjSzUQkjeXn4ocDhU=/1200x630/smart/cloudfront-us-east-1.images.arcpublishing.com/grupoclarin/MI2DIYTBGQ3TMMRXMM3DANBYMM.jpg	['√∫ltimos', 'lluvias', 'cuenca', 'formosa', 'afectados', 'inundaciones', 'afectadas', 'r√≠o', 'misiones', 'ciudad', '7000', 'mientras', 'paraguay']	 	flood
