Unnamed: 0,Id,title,time,keywords,data source,country,source URL,body,language
2642,1.4e+18,,2021-06-02 07:46:57+00:00,,Twitter,Jamaica,,"had a dream a flood came and covered everything except this tiny patch of land where i was sitting, heavily pregnant and chain smoking, just watching the water. what on earth is going on in my subconsciousness??",English
3540,1.03e+18,,2021-04-27 06:02:44+00:00,"['species', 'fruit', 'flowers', 'environments', 'fire', 'floods', 'drought', 'survivor']",Twitter,,https://twitter.com/Pearsonw_matt/status/1386840701472632833,"I find she-oaks a genuinely fascinating #species with their woody aggregate #fruit and fluffy female #flowers. They grew in various #environments withstanding #fire, #floods and #drought a true #survivor.  https://t.co/pcojxjOl00['https://pbs.twimg.com/media/Ez8MOZzVUAEZTga.jpg']",English
4173,1.4e+18,,2021-06-01 02:29:59+00:00,['marketpulse'],Twitter,Australia,https://twitter.com/AuctionsPlus/status/1399614182144815108,"Cattle Breed Breakdowns - Hereford ""The largest jump in prices for a single Hereford category since the depths of the drought in 2019 was for PTIC cows, which averaged $2,430 head in 2021 ‚Äì up 191% over the two-year period."" #MarketPulse  https://t.co/xGtOCr5CF8  @HerefordsAust[]",English
4143,1.4e+18,,2021-06-02 21:22:36+00:00,[],Twitter,Australia,https://twitter.com/corruptagenda/status/1400261603057049601,"@davidbewart The National party are only there for mining interests, remember the drought and bushfires and now the trade war with China that they support[]",English
3748,1.17e+18,,2021-04-20 21:08:22+00:00,"['insuranceclaims', 'firedamage', 'flooddamage', 'waterdamage', 'winddamage', 'stormdamages', 'ownership', 'tornadoes', 'floods', 'hurricanes', 'insurancecompany', 'insuranceloss', 'securetheproperty', 'lawyer']",Twitter,,https://twitter.com/SDamages/status/1384531896852381696,Damages to your Home! We are here working for you!  Give us a call! ‚òéÔ∏è (833) 672-5246üëà  #Insuranceclaims #FireDamage #FloodDamage #WaterDamage #WindDamage #stormdamages #ownership #tornadoes #floods #hurricanes #InsuranceCompany #insuranceloss #securetheproperty #lawyer  https://t.co/4dkIbRI7a2['https://pbs.twimg.com/media/EzbYaGsUYAUYWYY.jpg'],English
3446,1.12e+18,,2021-04-30 03:51:03+00:00,"['flood', 'flooding', 'floods', 'news', 'newsoftheworld', 'newsupdate', 'nachrichten', 'jesus', 'jesuschrist', 'jesussaves', 'jesusofnazareth']",Twitter,,https://twitter.com/GPatron119/status/1387894728465727491,God is Shaking the World !!! Biblical Events !!!  https://t.co/TIYZ8ZShkL via @YouTube  #Flood #flooding #floods #News #NewsoftheWorld #NEWSUPDATE #Nachrichten #Jesus #JesusChrist #JesusSaves #JesusOfNazareth[],English
3662,436627065.0,,2021-04-22 15:26:20+00:00,"['climate', 'somali', 'african', 'droughts', 'floods', 'ergo', 'news']",Twitter,,https://twitter.com/RadioErgo/status/1385170599002116098,"A conference on #climate change adaptation has convened in Jigjiga city of Ethiopia's #Somali region today.The conference, attended by representatives of horn and east #African governments will focus on the recurring #droughts and #floods caused by climate change.#ERGO #news[]",English
2679,1.4e+18,,2021-06-01 20:42:27+00:00,,Twitter,Jamaica,,@KaliHoochie I‚Äôm waiting for the floods of yes yes pick me pick meüòÇüçø,English
3467,39085195.0,,2021-04-29 16:15:06+00:00,"['floods', 'water', 'andes']",Twitter,,https://twitter.com/theGEF/status/1387719583772065793,"Droughts, #floods, & landslides have altered the balance of the #water cycle in Andean countries.  An initiative supported by @theGEF & @AgendaCAF seeks to build solid foundations to protect the future of water for the #Andes.  ‚õ∞Ô∏è https://t.co/Zbqxi07leu  https://t.co/Wwhl93nENC['https://pbs.twimg.com/media/E0Irm3CXIAQQk8H.jpg']",English
2714,1.4e+18,,2021-05-30 16:28:38+00:00,,Twitter,Bolivia,,Flood @The_muzz1 timeliness with dad jokes. Don't ask why.  Just do it,English
3586,7.34e+17,,2021-04-25 00:07:12+00:00,"['africa', 'drought', 'climatecrisis', 'floods', 'homes', 'crops', 'wells', 'water', 'battered', 'hurricanes']",Twitter,,https://twitter.com/FSairuv/status/1386026453863518212,"In the past 21 years the Horn of #Africa has faced 10 years of #drought. Because of the #ClimateCrisis. They‚Äôve also faced #floods tht destroyed their #homes and #crops, their #wells and #water holes have dried up, and they‚Äôve been #battered by #hurricanes.[]",English
3291,69058391.0,,2021-04-05 22:05:48+00:00,"['freeiran', 'iran', 'floods']",Twitter,,https://twitter.com/boghche/status/1389619782442491904,@Maryam_Rajavi The Int`l Community must take action to stand with Iranian Youth and Resistance in order to support them for a nuclear-free Iran via achieving #FreeIran and @UNWomensRights!  My condolences to the victims` families and to #Iran because of the #floods of laso night in Kerman& Yazd[],English
4171,1.4e+18,,2021-06-01 05:02:55+00:00,[],Twitter,Australia,https://twitter.com/DD_FaFa_/status/1399652668092547072,‚ÄòSecond COVID‚Äô: Drought in Taiwan triggers Aussie chip crisis  https://t.co/e1WFdchDZh[],English
4176,1.4e+18,,2021-05-31 23:26:21+00:00,[],Twitter,Australia,https://twitter.com/John_Poelwyk/status/1399567968757895169,"@dbirch214 @Ho_My_Face And it‚Äôs always been like that in Australia.  We are a land of droughts and flooding rain.  A very famous Australian poet, Dorothy Mackellar did a famous poem circa 1909, post the Federation Drought, (pre climate hysteria) called ‚ÄòMy Country‚Äù.   https://t.co/c5g5WhpReh[]",English
4119,1.4e+18,,2021-06-05 02:35:53+00:00,[],Twitter,Australia,https://twitter.com/Kryten_42/status/1401065219359531011,"Via @MorningBrew ""The latest shortage hitting the American West? Water. And while Chick-fil-A sauce & semiconductors are important for a functioning economy, this year's historic drought in the West could affect‚Äîand we do mean this‚Äîliterally everything.""  https://t.co/NiVNDIM4lJ[]",English
4194,1.4e+18,,2021-05-30 18:36:04+00:00,[],Twitter,Australia,https://twitter.com/realsolarcycles/status/1399132530322771971,"The Western U.S. had drought cycles aligned by our algorithms. TX was quite dry till recently where it has had significant rainfall pushing its totals above average for the year. The Dakotas which are in drought now, have better rainfall cycles for the last half of 2021.[]",English
3936,39844441.0,,2021-04-13 01:43:09+00:00,"['1yeartosaveearth', 'climatechange', 'monster', 'heatwaves', 'wildfires', 'floods', 'love', 'life']",Twitter,,https://twitter.com/XOEarth/status/1381701945325363200,.@nutanix #1YearToSaveEarth Please boldly INVEST 24%* of your net inc in sust+enviro+nature to cool our fun+rad+dying biosphere. #ClimateChange #Monster #Heatwaves #Wildfires #Floods may kill 45% of all mc life in 5yrs.  https://t.co/fJnUE5c7C6 #Love #Life [Hire me for sm & blog.][],English
3201,1.21e+18,,2021-07-05 05:16:18+00:00,"['climateemergency', 'heatwaves', 'droughts', 'floods']",Twitter,,https://twitter.com/GZzyzyx/status/1390452896433545217,"@soldier3200 @Kenneth72712993 @ClimateRealists I mean, the #ClimateEmergency, unmitigated, is predicted to cause extreme food insecurity. A lot of places won‚Äôt be able to grow food bc of #HeatWaves, #droughts, and #floods. They‚Äôre actively warning us about that.  https://t.co/hulZM6HdUR so I dunno.  https://t.co/0ceLcN3Eti['https://pbs.twimg.com/media/E0vhigjVUAEnk9d.jpg']",English
3071,8.57e+17,,2021-12-05 13:29:27+00:00,"['infomap', 'rainfall', 'droughts', 'floods', 'water']",Twitter,,https://twitter.com/infoNILE/status/1392388939156271105,"üßµ: This is Thirst in a River Basin, an interactive  #InfoMap üåçthat pinpoints the areas most vulnerable to changing #rainfall and runoff patterns - factors that contribute to #droughts and #floods - and those already facing üíß #water scarcity in the Nile.  https://t.co/gOZUu08Gxa  https://t.co/uaDstL349p['https://pbs.twimg.com/media/E1LCXHmXoAM1J_9.jpg']",English
4083,1.4e+18,,2021-06-06 05:10:06+00:00,[],Twitter,Australia,https://twitter.com/aeri_zayllz1/status/1401466418399367171,D.O with one handüò≠[],English
4155,1.4e+18,,2021-06-01 21:53:14+00:00,[],Twitter,Australia,https://twitter.com/ozewex_org/status/1399906923386834944,"CSIRO predicts more drought, drastic drop in Murray-Darling basin water   https://t.co/f47UT7m7wU[]",English
3087,4001068876.0,,2021-12-05 00:53:04+00:00,"['extremeweather', 'climatebreakdown', 'floods', 'droughts', 'heatw']",Twitter,,https://twitter.com/SubUrbanGrow/status/1392198589280137224,"World‚Äôs biggest tea-growing areas will be among the worst hit by #extremeweather, and their yields are likely to be vastly reduced in the coming decades if #climatebreakdown continues at its current pace. #Floods, #droughts, #heatw‚Ä¶ https://t.co/lCWuukDAbS  https://t.co/SUtupViBIu[]",English
4123,1.4e+18,,2021-06-04 18:22:26+00:00,['choiwan'],Twitter,Australia,https://twitter.com/Tropicalcyclon8/status/1400941037233721346,"#Choiwan moving toward Yaeyamas has brought needed rain to Taiwan‚Äôs drought conditions - 200+mm. 65kph (10min) winds should prevail as system moves through Ryukyu Arc Waters  https://t.co/VISs7U1Man['https://pbs.twimg.com/media/E3EkbTaVIAAbpbn.jpg', 'https://pbs.twimg.com/media/E3EkbTeVUAAX0Cy.jpg', 'https://pbs.twimg.com/media/E3EkbTgVcAAe7sl.jpg', 'https://pbs.twimg.com/media/E3EkbTiVEAMBCxU.jpg']",English
3376,39844441.0,,2021-03-05 01:59:31+00:00,"['1yeartosaveearth', 'climatechange', 'monster', 'heatwaves', 'wildfires', 'floods']",Twitter,,https://twitter.com/XOEarth/status/1388953821741666305,@MacaroniGrill #1YearToSaveEarth Hire me for ü•¶üå∂Ô∏èüçûü´íü•ëüåΩüçésales+social+mktg to help you move to plant-based meat & cheese menus to cool our fun+rad+dying biosphere. #ClimateChange #Monster #Heatwaves #Wildfires #Floods may kill 45% of all mc life in 5yrs.  https://t.co/pLI4iXSAgO[],English
3355,1.33e+18,,2021-03-05 19:30:50+00:00,"['yemen', 'floods', 'naturaldisaster', 'tarim', 'floodsyemen', 'storm', 'rain', 'flooding', 'disaster', 'landslides']",Twitter,,https://twitter.com/UnbelievableEv1/status/1389218395900502020,"Heavy rains cause floods and Landslides in Tarim, Yemen  https://t.co/Z5tyW2otoU  #Yemen #floods #naturaldisaster #tarim #floodsyemen #storm #rain #flooding #disaster #landslides  https://t.co/lz2BlDqHwc[]",English
4156,1.4e+18,,2021-06-01 20:35:10+00:00,"['wheat', 'milestone']",Twitter,Australia,https://twitter.com/GrainCorp/status/1399887276457414658,"Our team at Fisherman Islands, at @port_brisbane, have loaded their biggest ever vessel: 69,000 tonnes of #wheat bound for Vietnam.  Drought, floods and then mice - it hasn‚Äôt been easy for our team, but we‚Äôd like to thank everyone who worked hard to achieve this #milestone.  https://t.co/kNLE4s5mIL['https://pbs.twimg.com/media/E21mC3aUUAYgtux.jpg', 'https://pbs.twimg.com/media/E21mC3YVoAAOYRX.jpg']",English
4068,1.4e+18,,2021-06-06 09:20:26+00:00,[],Twitter,Australia,https://twitter.com/aeri_zayllz1/status/1401529414421155842,johnny looks like he's a senior idol to them already üò≠ he really matured early on and never aged then and there  https://t.co/V3GNxHIJDF['https://pbs.twimg.com/media/E3M7ky7UUAEyfpx.jpg'],English
4186,1.4e+18,,2021-05-31 02:43:12+00:00,[],Twitter,Australia,https://twitter.com/RabobankAU/status/1399255122857709574,High and dry: Drought persists for 65 per cent of Qld  https://t.co/TW7PoCPLS9 via @InQldMedia[],English
3951,1484914290.0,,2021-12-04 16:48:09+00:00,"['jrbm', 'iahr', 'iahrjournals', 'riverbasinmanagement', 'safetyguidelines', 'wardhariver', 'gis', 'laketana', 'floods', 'bluenile', 'vulnerabilityindex']",Twitter,,https://twitter.com/IAHR/status/1381567308368347141,First issue of the year of the International Journal of River Basin Management #JRBM #IAHR #IAHRjournals  https://t.co/Kmt7Ja8Pkm #riverbasinmanagement #safetyguidelines #WardhaRiver #GIS #LakeTana #floods #BlueNile #vulnerabilityindex  https://t.co/I1SEHmJHM0['https://pbs.twimg.com/media/EyxQHXxWQAEsCA9.jpg'],English
3136,3313531039.0,,2021-10-05 19:22:51+00:00,"['streamflow', 'floods', 'droughts', 'ecosystems', 'streamflow', 'dataviz']",Twitter,,https://twitter.com/USGS_DataSci/status/1391753101279956993,"#Streamflow matters because the extremes, too much (#floods) or too little (#droughts), have big impacts for humans & #ecosystems.  How is #streamflow measured? Explore the details in this @observablehq interactive #dataviz by @USGS ecologist Ben Letcher   https://t.co/k8FoOaOyy2[]",English
3236,3380336013.0,,2021-06-05 11:26:35+00:00,"['floods', 'droughts']",Twitter,,https://twitter.com/AbdinasirAbdiH/status/1390183694057590784,We are in between two risks #Floods and recurrent #Droughts but all these need sustainable actions to mitigate floods and harsh droughts.[],English
4201,1.4e+18,,2021-05-30 07:11:50+00:00,[],Twitter,Australia,https://twitter.com/wongai1968/status/1398960335227277312,Shadow of Drought: Southern California's Looming Water Crisis  https://t.co/gLpcqChQTq via @YouTube[],English
3561,3301926908.0,,2021-04-26 17:36:48+00:00,"['floods', 'drought']",Twitter,,https://twitter.com/gridpointwx/status/1386652983245557763,Extreme #FLOODS and snow could be bringing #DROUGHT relief to CA  https://t.co/mlQqdshkl4[],English
2554,1.4e+18,,2021-06-03 09:33:30+00:00,,Twitter,Jamaica,,@ My Talented friends it‚Äôs summertime & this needs updating!!! Flood da streets!!!   https://t.co/9tgWVBHm7z,English
4060,498700046.0,,2021-08-04 21:42:46+00:00,"['africa', 'climatechange', 'hunger', 'famine', 'floods', 'droughts']",Twitter,,https://twitter.com/PACJA1/status/1380191901475872768,"...to the detriment of the continent. #Africa cannot afford to relent on #ClimateChange response. #Hunger, #famine, #floods and #droughts waiting around the corner[]",English
4151,1.4e+18,,2021-06-01 23:35:51+00:00,[],Twitter,Australia,https://twitter.com/Sulphurcocky1/status/1399932747385229314,"@PatsKarvelas Hmmm, God was said to have caused the plagues of Egypt... but they are drought plagues....and the peoples were worshiping the Sun back then ATEN / AMON RA. and it didn't end well for new the born children - water quality.[]",English
3560,556727309.0,,2021-04-26 18:44:21+00:00,"['sandbags', 'floods', 'leaks']",Twitter,,https://twitter.com/FloodSaxworld/status/1386669982868819969,"25 ways ( https://t.co/rQ7WL2ojE4) FloodSax alternative #sandbags have been used both inside and out to stop #floods, #leaks and spills ‚Ä¶ but there must be many more. Most inventive one wins a box of 20 FloodSax.  @floodmary @Flood_SG @NatFloodForum @floodnewsuk @floodingireland  https://t.co/2ZvzKjwia8['https://pbs.twimg.com/media/Ez5weUaWYAEL_rb.jpg']",English
4183,1.4e+18,,2021-05-31 06:05:09+00:00,"['electronics', 'components', 'processors', 'informationtechnology', 'manufacturing', 'factorys']",Twitter,Australia,https://twitter.com/MsCRus2/status/1399305941737119746,How the Taiwan drought means you can‚Äôt have a new smart TV #Electronics #components #processors #InformationTechnology #manufacturing #factorys  https://t.co/pmSWWN0bIX[],English
3678,498403859.0,,2021-04-22 01:23:19+00:00,"['precipitation', 'rainfallmonitoring', 'floods']",Twitter,,https://twitter.com/FTSEnviro/status/1384958446609518595,Join FTS and Vieux & Associations for our latest live webinar. Our two experts will discuss how to get the most out of your precipitation data on April 27th from 10:00-10:45am PST. Register at  https://t.co/yxjNoKBjGQ  #precipitation #rainfallmonitoring #floods  https://t.co/NJZnz0QoIk['https://pbs.twimg.com/media/EzhcXiwXoAICyho.jpg'],English
4184,1.4e+18,,2021-05-31 05:10:02+00:00,"['smartphones', 'laptops', 'cars', 'drought', 'electronics', 'australia']",Twitter,Australia,https://twitter.com/HandleComplaint/status/1399292072247578628,"The chips that drive your #smartphones, #laptops and #cars need lots of water.  Taiwan‚Äôs crippling #drought is hitting the world‚Äôs #electronics supply.  Read more about the drought that's affecting cars and gadgets in #Australia.   https://t.co/Ru0MdNtUyn[]",English
3912,23484619.0,,2021-04-14 08:57:33+00:00,"['water', 'droughts', 'floods', 'climatechange']",Twitter,USA,https://twitter.com/pdjmoo/status/1382173655543676930,"üÜò Drought Is Consuming the Western U.S., but #Water Technologies May Offer Lifelines. Eternal #droughts and biblical #floods have gained intensity last century. #ClimateChange projections for region from Texas to California present a stark water picture  https://t.co/d4fR8lzSwe[]",English
4138,1.4e+18,,2021-06-03 02:56:22+00:00,[],Twitter,Australia,https://twitter.com/btamamura/status/1400345599531122692,"@JulieCollinsMP There was a much louder no, what gives? This is serious, Australian farmers are already struggling due to drought! Now they have to deal with plagues of mice too! They need help, it‚Äôs not likely to come from the LNP![]",English
2578,1.4e+18,,2021-06-02 23:38:15+00:00,,Twitter,Jamaica,,"I mean, do you see any academic studies about ‚Äúflood the zone‚Äù policing and how great it is in reducing long term crime rates. If so, do share. Otherwise it‚Äôs a terrible thing to talk about and keep talking about and keep talking about‚Ä¶",English
3745,436791564.0,,2021-04-20 22:23:51+00:00,"['climatechange', 'climatechangeishere', 'fog', 'hunger', 'floods', 'wildfires', 'savetheearth']",Twitter,,https://twitter.com/GlobalECCI/status/1384550895795458048,"Floods are in the corner, there Wildfires are sprouting, there Death, is near  Oh! climate change is here So long as it is here Breath, is out of place Oh! trouble is already here Death, is near  #climatechange #climatechangeishere #fog #hunger #floods #wildfires #savetheearth[]",English
3702,2498871378.0,,2021-04-21 13:42:44+00:00,"['frosts', 'april', 'frost', 'insects', 'bees', 'honeybees', 'bumblebees', 'butterflies', 'rollercoaster', 'floods', 'drought', 'overdevelopment', 'green']",Twitter,,https://twitter.com/greenbeltsal/status/1384782138613055491,"@BlaneyCarola @DubCityCouncil @DCCParks_Biodiv @PollinatorPlan @whittledaway @AllPeopleAllNa1 Could be the weird weather,continuous #Frosts in #April  5 nights without #frost how can #insects #bees #honeybees #bumblebees #butterflies cope with our #rollercoaster weather     #floods #drought must be the reason for their decline. #overdevelopment abuse of everything #Green[]",English
3823,7.38e+17,,2021-04-18 10:06:13+00:00,"['digital', 'photographic', 'exhibition', 'floods', 'bangladeshi', 'photographer', 'tmysreview']",Twitter,,https://twitter.com/_TMYS_/status/1383640485378461697,"3. Art collector and writer, Ina Puri will be putting together a #digital #photographic #exhibition on #floods with the fabulous works of #Bangladeshi #photographer, Abir Abdullah. The details of the above and more, in the link below.  https://t.co/yEphjmZDgt #TMYSreview[]",English
4172,1.4e+18,,2021-06-01 03:24:58+00:00,[],Twitter,Australia,https://twitter.com/A_Drop_of_Truth/status/1399628019141005319,"@leviathanch How will ""China rule the world"" when part of it is undergoing severe drought, another part where there's the potential of dams breaking & flooding & it cannot even feed itself? Not to mention the earthquakes that aren't reported. I could go on...[]",English
4196,1.4e+18,,2021-05-30 18:15:33+00:00,[],Twitter,Australia,https://twitter.com/EldersLimited/status/1399127366199234561,Queensland drought status barely changed  https://t.co/vFeFNeYhF2[],English
2547,1.4e+18,,2021-06-03 10:47:56+00:00,,Twitter,Jamaica,,Hurricane Season is here. Plan ahead for a disaster and protect your property:  üì∑Take photos of your important belongings to help expedite insurance claims üì∞Put copies of important documents üõãÔ∏èMove valuable items to upper floors to prevent water damage üè°Get flood insurance,English
4160,1.4e+18,,2021-06-01 18:19:35+00:00,[],Twitter,Australia,https://twitter.com/BDSMZ6164/status/1399853157321084930,"@NickEggleton @AlboMP Panicking Nana's? You have got to be joking! The collapse of responsibility, of action, of integrity in this govt is nothing short of mind blowing. From drought, fire, flood, covid its all failures. All Morriscum does is less speed, no delivery. Labor is the only way forward.[]",English
3198,3298400789.0,,2021-07-05 06:46:54+00:00,"['covid19', 'floods', 'cycloneamphan', 'agenda2030', 'oneun']",Twitter,,https://twitter.com/SubhraB_EP/status/1390475697932574720,"Chronicle of @UNinBangladesh's response to the perfect storm of #COVID19 + #Floods + #CycloneAmphan in 2020, navigating by #Agenda2030 as its north star.  #OneUN with partners, Government & people of üáßüá©  https://t.co/iwrqOLGhjY @SarwatAdnan1 @RKalapurakal @carogazevedo[]",English
3282,16434613.0,,2021-05-05 02:24:30+00:00,"['floods', 'epweek2021', 'beready']",Twitter,,https://twitter.com/redcrosscanada/status/1389684886911418369,Be ready for #floods: üìã Have an emergency plan ‚ö†Ô∏è Know the flood risk in your community üó∫Ô∏è Know and practice emergency routes üìª Monitor local weather and alerts   More tips:  https://t.co/15Nv6QUHx2 #EPWeek2021 #BeReady  https://t.co/tDMsBuUjzs['https://pbs.twimg.com/tweet_video_thumb/E0kmgOEVoAAcr9M.jpg'],English
2565,1.4e+18,,2021-06-03 07:23:19+00:00,,Twitter,Jamaica,,He put that sweet ass Blueberry Stella Rosa wine in the sauce. Lawd send in the flood,English
3966,22728698.0,,2021-12-04 13:08:04+00:00,"['news', 'environment', 'extremeweather', 'floods', 'disaster']",Twitter,,https://twitter.com/MakingEnvirNews/status/1381511924160983040,Most pop #news item appearing in last issue of  @MakingEnvirNews by @erinmaylyons via @newscomauHQ #environment #extremeweather #floods #disaster   https://t.co/ZHuAA89gWu[],English
3535,1484914290.0,,2021-04-27 14:03:46+00:00,"['iahrwomenvoices', 'china', 'water', 'hydropower', 'iwhr', 'prevention', 'monitoring', 'earlywarning', 'floods', 'iahr', 'iahrwomen']",Twitter,,https://twitter.com/IAHR/status/1386961759341252608,"New #IAHRWomenVoices video:  Xiaolei Zhang from the #China Institute of #Water Resources and #Hydropower Research #IWHR shares with us her own experience working on disaster #prevention, #monitoring and #earlywarning systems #floods  https://t.co/5hWIHIUbRE  #IAHR #IAHRwomen  https://t.co/bq4MO7MIKm['https://pbs.twimg.com/media/Ez96HPvXoAERIQu.jpg']",English
3096,1.38e+18,,2021-11-05 21:06:07+00:00,"['disaster', 'cloud', 'burst', 'devprayag', 'tehri', 'garhwal', 'floods', 'cloud', 'burst', 'disasters', 'uttrakhand', 'hills']",Twitter,,https://twitter.com/RainbowNewsUK/status/1392141477254361090,"#Disaster: #Cloud #burst in #Devprayag #Tehri #Garhwal  on May 11, 2021.  #Floods and #Cloud #Burst #Disasters in #Uttrakhand #Hills[]",English
3614,434971930.0,,2021-04-23 21:49:25+00:00,"['flyfishing', 'rain', 'floods']",Twitter,,https://twitter.com/FFFTmag/status/1385629393125584896,"When the rains come, will you opt for a small, dark coloured Nymph, or a bright pink Squirmy Worm? What colour works best in coloured water is analysed by Dave Southall in the May issue.  #flyfishing #rain #floods  https://t.co/OvoyMot9gh['https://pbs.twimg.com/media/Ezq-jPXWUAItkvE.jpg']",English
3091,258847118.0,,2021-11-05 22:30:54+00:00,"['drought', 'covid19', 'earthquake', 'hurricane', 'floods', 'climatechange']",Twitter,,https://twitter.com/PNASNews/status/1392162813993439234,"Opinion piece: What‚Äôs worse than a pandemic? A pandemic combined with #drought, natural disaster, violent conflict, and/or structural inequality. We need better ways to tackle these compound risks:  https://t.co/A43W48ds0v #COVID19 #Earthquake #Hurricane #Floods #ClimateChange  https://t.co/XUJXNbllat['https://pbs.twimg.com/media/E1H0s6YXEAIRP6h.jpg']",English
4121,1.4e+18,,2021-06-04 21:14:50+00:00,[],Twitter,Australia,https://twitter.com/RobertM96197408/status/1400984422912987139,"Setting fire to rainforests has been a method farmers have been using to clear land in Brazil for decades, but now because of drought conditions that have been affecting Brazil, they are burning hotter, longer and faster, Allen said.[]",English
3480,1265729132.0,,2021-04-29 02:01:49+00:00,"['floods', 'nswfloods']",Twitter,,https://twitter.com/johnmenadue/status/1387504850447966208,"The words ‚Äòflood‚Äô and prone‚Äô are simple enough to comprehend, but when they are put next to each other in a sentence they can quickly become problematic. #floods #nswfloods  https://t.co/oliTH7wGOw[]",English
3456,1.1e+18,,2021-04-29 19:15:29+00:00,"['water', 'sustainable', 'ocean', 'floods', 'savewatersaveearth']",Twitter,,https://twitter.com/XaperGlobal/status/1387764982020988934,"Promoting the use of less #water leads to a #sustainable tomorrow. If you use less water today, you can be saved from the #ocean causing #floods in the future. With only 2.5% on earth being fresh for use, it becomes crucial for us to save our resources. #SaveWaterSaveEarth!  https://t.co/uOfy5dIa5R['https://pbs.twimg.com/media/E0JUzPKWEAEQsmU.jpg']",English
3156,243987478.0,,2021-09-05 16:19:05+00:00,"['climatechange', 'droughts', 'bushfires', 'floods', 'fossilfuels', 'ihearyou', 'upperhuntervotes']",Twitter,,https://twitter.com/FreedomCycliste/status/1391344465344798721,Conservatives wont ever talk about #climatechange or that the severity of #droughts #bushfires #floods has increased because #fossilfuels have driven it. But I will. Our young ones are terrified about the future & I will always stand up for them #IHearYou #upperhuntervotes  https://t.co/55icSrL6jF['https://pbs.twimg.com/media/E08MaKVVoAALDBj.jpg'],English
2690,1.4e+18,,2021-06-01 17:15:02+00:00,,Twitter,Jamaica,,"With a growing number of solar and wind farms exposed to tropical cyclones and, therefore, wind and flood damage, it is vital to understand and prepare for these events to mitigate risk, particularly ahead of each Atlantic hurricane season.  https://t.co/EAgo8pvEwy",English
3785,2582723146.0,,2021-04-19 19:52:01+00:00,"['mdpiwater', 'floods', 'romania']",Twitter,,https://twitter.com/IonitaMoni/status/1384150295396032516,"After a long ""dry spell"" (mostly drought-related work).....we switched to some flooding.....  Extreme Floods in the Eastern Part of Europe: Large-Scale Drivers and Associated Impacts ##mdpiwater via @Water_MDPI @AWI_Media   https://t.co/nmrvjiH5MY #floods #Romania[]",English
4114,1.4e+18,,2021-06-05 06:45:10+00:00,[],Twitter,Australia,https://twitter.com/auspolwatch/status/1401127954025906178,"D_LittleproudMP description change: ""Member for Maranoa, advocate for rural communities. Federal Minister for Agriculture, Drought and Emergency Management. Deputy Leader of The Nationals."" to  https://t.co/vMZsD8XoqF[]",English
3279,2780443681.0,,2021-05-05 04:49:34+00:00,"['rain', 'dry', 'floods', 'drought', 'minimum']",Twitter,,https://twitter.com/FlaShBloGLive/status/1389721392535330817,"#rain #dry #floods #drought #minimum After a near-record wet March in the south-east, we've just had a near-record dry April - ABC News  https://t.co/ttG8iJ9qwL[]",English
3411,84330425.0,,2021-01-05 03:30:04+00:00,"['isrgrajan', 'fridaymotivation', 'floods', 'floodsinindia', 'storms']",Twitter,,https://twitter.com/isrgrajan/status/1388251834628837384,A Survivalist‚Äôs Guide to Dealing with Floods  See:  https://t.co/1y5K9FxOwe  #isrgrajan #FridayMotivation #Floods #FloodsinIndia #Storms  https://t.co/r623YHCBl4['https://pbs.twimg.com/media/E0QPr_cXEAcLK0J.jpg'],English
3228,575429484.0,,2021-06-05 18:13:40+00:00,"['drr', 'bangladesh', 'climigration', 'resilience', 'migration', 'ews', 'floods', 'drought']",Twitter,,https://twitter.com/IlanKelman/status/1390286140310265857,@AchalaNavaratne @ifrc @UNDP_BD @BDRCS1 @sanjeevkafley @sudiptomuk @ahmadmukul @IFRCAsiaPacific @UNDRR_AsiaPac @UNDRR @UNDP @AJMatheou @RCClimate Some #DRR #Bangladesh papers: 1. #climigration  https://t.co/B9VnFPEebe 2. #resilience  https://t.co/auRTigSaOO &  https://t.co/vpNdVyyMK1 3. #migration  https://t.co/uhkBKKOEyF 4. #EWS  https://t.co/6eDhVvsU6t 5. #floods  https://t.co/pMfsfvKw7m 6. #drought  https://t.co/ugRA3Dpjrr[],English
2665,1.4e+18,,2021-06-01 23:18:04+00:00,,Twitter,Jamaica,,Baked Lay's. The best chip.  Not oily. Perfect amount of salt.  Excellent texture and crunch.  Can only be found in wee bags at Subways. 9/10,English
4129,1.4e+18,,2021-06-03 23:06:20+00:00,[],Twitter,Australia,https://twitter.com/JosephCJohns/status/1400650094857228288,Empathy Consultant by the LNP Federal Government to help with their dealings with farmers suffering through an horrific drought. The guest made the claim this Consultant resigned when Morrison went on his Hawaiian holiday. Does anyone know about this?[],English
2509,1.4e+18,,2021-06-03 21:29:05+00:00,,Twitter,Jamaica,,"@DocCoyle I'm not scared of Chinese technology.  They built a massive damn that was constructed so poorly that they first declared it could withstand the worst flood in 10,000 years.  They've now walked that back to 100 years because it's about to go.  If it does Krom help us all.",English
3213,2259772729.0,,2021-06-05 22:22:22+00:00,['floods'],Twitter,,https://twitter.com/BruceElke/status/1390348725780848642,@HanmerBrad @VaderstadCanada It is weird seem to be more geese staying local. So little water. Not sure what it means. Has anyone seen Noah? An ark? #floods[],English
4168,1.4e+18,,2021-06-01 08:04:08+00:00,[],Twitter,Australia,https://twitter.com/Mind_Mastery/status/1399698275339436033,"@jjjove @GemmaRaphael He believes he is in the 'Rapture' - fires,  drought, floods,  plagues (mouse), pestilence (covid). Also the situation in Israel and Gaza is fulfilling end-time prophecies. If you're saved you're going to Heaven. The rest of us are going to Hell - See you all there![]",English
3500,1.23e+18,,2021-04-28 18:03:10+00:00,"['wutisamerica', 'comingto', 'wearedoomed', 'earthquakes', 'wildfires', 'floods', 'famine', 'disease', 'andrethuglicans']",Twitter,,https://twitter.com/Av69607500/status/1387384392121737219,@jdwickie It's Amazing AND Sickening at the Same Time to Kno That People Like This Affect How We All Live! I just wanna Throw Up All Over'm! #WutIsAmerica #ComingTo...? #WeAreDoomed #Earthquakes #Wildfires #Floods #Famine #Disease #andReThuglicans We Got NO Chance! üòë[],English
3189,7.27e+17,,2021-07-05 15:15:05+00:00,"['ecca2021', 'climate', 'action', 'knowledge', 'droughts', 'floods', 'southeast']",Twitter,,https://twitter.com/2021ECCA/status/1390603585122091010,"The 6th #ECCA2021 webinar on 7 June (13.30-16.00h CEST) is about #climate #action exchange ‚Äì sharing #knowledge of what works across the EU: from #droughts to #floods, from hotter summers to green winters, how climate change affects #Southeast of Europe:   https://t.co/qCNOENBxLT  https://t.co/z1xVtSzN4P['https://pbs.twimg.com/media/E0xql2ZWYAIzu_b.jpg']",English
4122,1.4e+18,,2021-06-04 19:08:46+00:00,[],Twitter,Australia,https://twitter.com/PeterPono84/status/1400952698464178176,@automotophoto Global warming and the drought that will never end. Heard a lot about that 15 years ago in Oz. Now it's climate change and we are drowning in freezing conditions!![],English
3482,39844441.0,,2021-04-29 01:46:48+00:00,"['1yeartosaveearth', 'climatechange', 'monster', 'heatwaves', 'wildfires', 'floods']",Twitter,,https://twitter.com/XOEarth/status/1387501070511841280,.@Sears #1YearToSaveEarth Hire me for ü¶äsales+social+mktg if you promise to INVEST 24%* of your net inc in nature projects that cool our fun+rad+dying biosphere. #ClimateChange #Monster #Heatwaves #Wildfires #Floods may kill 45% of all mc life in 5yrs.  https://t.co/pLI4iXSAgO[],English
4189,1.4e+18,,2021-05-30 20:56:12+00:00,"['sydney', 'canberra', 'mouse', 'drought']",Twitter,Australia,https://twitter.com/rosmci/status/1399167797373009922,@peters_malcolm @RonniSalt Hay run needed. To #Sydney and #Canberra to help out with their #mouse #drought.[],English
4170,1.4e+18,,2021-06-01 05:09:08+00:00,[],Twitter,Australia,https://twitter.com/FifthEstateAU/status/1399654235101294593,There‚Äôs sustainability jobs aplenty ‚Äì bad luck about the politically induced¬†drought  https://t.co/fVYaRRPQkN[],English
2501,1.4e+18,,2021-06-03 23:32:36+00:00,,Twitter,Jamaica,,"@thomas_lord @Donald_Booker Well, exactly. The ideas flow around, and not everything if that period was done in England at once... without Venitian VC loans to Spaniards, the flood of wealth doesn't show up in western Europe, so there's no book manufacturing, and so no enlightenment, and so on.",English
3627,450004435.0,,2021-04-23 15:44:56+00:00,['floods'],Twitter,,https://twitter.com/ANGETERRY/status/1385537665941098498,@_jennasloan @ArthurJEdwards He talks about #floods with @theJeremyVine and the community spirit helping those whose homes were destroyed to move belongings into skips outside ‚òπÔ∏è[],English
4136,1.4e+18,,2021-06-03 05:17:39+00:00,[],Twitter,Australia,https://twitter.com/davestewart3/status/1400381153467539457,"I hope Australia doesn't have an extreme climatic event like this 39 year drought, no industrial revolution in those day's.[]",English
2623,1.4e+18,,2021-06-02 12:44:14+00:00,,Twitter,Jamaica,,"We worked with community stakeholders in Paterson #NJ to develop action plans focused on illegal dumping, developing a flood mitigation plan to reduce impacts on the community , addressing gaps in goods and services, & providing activities, opportunities, & safe places for youth.",English
4188,1.4e+18,,2021-05-30 23:05:01+00:00,['investment'],Twitter,Australia,https://twitter.com/Austrade/status/1399200215605854208,"üá¶üá∫‚Äôs investment performance in 2020 was impressive. Despite drought, bushfires & COVID-19, foreign #investment still grew 2.5%.  But who invests in üá¶üá∫ & where do they put their money?  Our economist digs into the investment data to answer these questions:  https://t.co/DoSEBnBKME  https://t.co/oDRVdNjMdN['https://pbs.twimg.com/media/E2r1LouXEAABUIw.jpg']",English
4145,1.4e+18,,2021-06-02 18:41:43+00:00,"['generationrestoration', 'worldenvironmentday']",Twitter,Australia,https://twitter.com/GrahamImpact/status/1400221116036042753,"In Kenya, @WorldVision is working with communities to buffer against drought in some of the driest environments by restoring tree cover along riverbanks & using low-cost technologies to retain rainwater & recharge groundwater. #GenerationRestoration and #WorldEnvironmentDay  https://t.co/0Ufdxdf4jX['https://pbs.twimg.com/media/E26ViLkVcAIsLvw.jpg', 'https://pbs.twimg.com/media/E26VlkEUcAQt-Mu.jpg']",English
4190,1.4e+18,,2021-05-30 20:53:19+00:00,[],Twitter,Australia,https://twitter.com/ProfTimStephens/status/1399167068503560196,"Taiwan‚Äôs ‚Äúgreatest economic asset, climate researchers in Taipei have warned, is contributing to global warming that threatens to push typhoons away from the north-western Pacific Ocean, creating conditions for drought.‚Äù  https://t.co/3wWshhWrFc[]",English
2611,1.4e+18,,2021-06-02 15:49:14+00:00,,Twitter,Jamaica,,You know what? EVERYONE call the New York State senators and assemblymembers. Flood their call lines. Flood their inboxes and mentions. Even if you're out of state. We have some folks out here sabotaging our efforts to put some urgency behind this so fuck it. Have at it.,English
3871,3111226033.0,,2021-04-16 03:36:13+00:00,"['floods', 'gpwx']",Twitter,,https://twitter.com/TimMelino/status/1382817563625725953,"Outside Money #FLOODS Mayor‚Äôs Race, Raising Ethics Concerns  https://t.co/qgugz0KmvR #GPWX[]",English
3175,7.27e+17,,2021-08-05 05:22:58+00:00,"['hazards', 'disasters', 'flooding', 'floods', 'volcano', 'eruption', 'landslides', 'cyclone', 'hurricane', 'tornadoes', 'typhoon', 'earthquake', 'tsunami', 'naturalhazards', 'april', 'april2021']",Twitter,,https://twitter.com/BagalueSunab/status/1390816962725486592,April 2021 Major Natural Hazards and Disasters Summary:  https://t.co/9AEkTco6ml... #Hazards #Disasters #Flooding #Floods #Volcano #Eruption #Landslides #Cyclone #Hurricane #Tornadoes #Typhoon #Earthquake #Tsunami #NaturalHazards #April #April2021  https://t.co/KfbRhZgcc5['https://pbs.twimg.com/media/E00soV0XIAki83T.jpg'],English
3084,464490846.0,,2021-12-05 02:08:29+00:00,"['drought', 'bushfires', 'floods']",Twitter,,https://twitter.com/TheNakedFarmers/status/1392217569088532480,"@farmercate2 @LucyThack @samheagney @LiberalAus And just as we have needed help with #drought, #bushfires, #floods (haven't got it but need it!) so too do you need help. And this is a problem which will only get worse without radical, cohesive, concerted help - a plan, systematic eradication[]",English
3102,9.86e+17,,2021-11-05 16:45:41+00:00,"['floods', 'chamki', 'releasepappuyadav']",Twitter,,https://twitter.com/SauravAjeet/status/1392075937324298246,"Pappu Yadav who came with you in the #floods, came during #Chamki and now have extended their hand to help even in the Corona era. But what did the opportunistic people give to Pappu Yadav, why arrest ?   #ReleasePappuYadav  https://t.co/htyPCEUlJv['https://pbs.twimg.com/media/E1FW_1UVIAA_D7r.jpg']",English
4163,1.4e+18,,2021-06-01 13:33:20+00:00,[],Twitter,Australia,https://twitter.com/GuardianAus/status/1399781120519065600,The tactical masterstroke that ended Australia‚Äôs Super Rugby drought | Bret Harris  https://t.co/yLErYtcE7M[],English
4198,1.4e+18,,2021-05-30 17:47:04+00:00,[],Twitter,Australia,https://twitter.com/peterkemplawyer/status/1399120200562143232,@Russputin2 @darylgibson @PaulBongiorno Not to mention the $700K Barnaby the Useless got as drought envoy for 3 months *work* reporting back to Morrison by text message. We can only be sure of one thing: there was no Toohey's drought wherever he went.[],English
3938,39844441.0,,2021-04-13 01:14:30+00:00,"['1yeartosaveearth', 'climatechange', 'monster', 'heatwaves', 'wildfires', 'floods', 'love', 'life']",Twitter,,https://twitter.com/XOEarth/status/1381694735899795456,@PolarisCareers #1YearToSaveEarth Boldly INVEST 24%* of your net inc in sust+enviro+nature to cool our fun+rad+dying biosphere. As thanks I do social PR. #ClimateChange #Monster #Heatwaves #Wildfires #Floods may kill 45% of all mc life in 5yrs.  https://t.co/fJnUE5c7C6 #Love #Life[],English
3993,118611326.0,,2021-11-04 16:09:45+00:00,"['floods', 'fire']",Twitter,,https://twitter.com/doomalert19/status/1381195257992392707,"MORE RAIN. And #FLOODS, and DROUGHT.  He'll start KILLING OFF YOUR ANIMALS!  #FIRE on the West Coast   WATER on the East Coast.  And AS the oceans RISE, curtailing America on her sides. He will PUSH THE PEOPLE IN FROM ALL THE COASTLINES into the CENTER of the Country. What...  https://t.co/iMG7DcVbT9['https://pbs.twimg.com/media/Eyr9xFNXMAAli6z.jpg']",English
3970,58052069.0,,2021-12-04 09:31:10+00:00,"['pastoral', 'livestock', 'risks', 'locust', 'floods', 'droughts', 'covid19', 'climatechange', 'poor', 'dev4peace']",Twitter,,https://twitter.com/plazasonia/status/1381457337840455680,#pastoral systems #livestock impacted by compounding #risks: #locust #floods #droughts #COVID19. Adressing #climatechange wiil protect the #poor #Dev4Peace[],English
3863,164602663.0,,2021-04-16 11:56:18+00:00,"['atheists', 'floods', 'death', 'angels', 'god', 'truth', 'proud', 'revelations']",Twitter,,https://twitter.com/assadik_alamin/status/1382943416145825793,"If only you could see the #atheists in the #floods of #Death, while the #angels with arms outstretched: ‚ÄúGive up your souls. Today you will be repaid with the suffering of shame for having said about #God other than the #Truth,& for being too #proud to accept His #revelations.‚Äù>>[]",English
4141,1.4e+18,,2021-06-03 00:35:55+00:00,"['bushfires', 'taxbreaks', 'rorts', 'corruption', 'conflictofinterest', 'covid19', 'jobseeker', 'jobkeeper', 'drought', 'climatechange', 'jennyspa', 'higgins', 'allegedrapistchristianporter', 'auspol']",Twitter,Australia,https://twitter.com/DreddHorus/status/1400310253271482372,"Respect must be earned, and @ScottMorrisonMP 's shown nothing but disdain for the Australian people!! #Bushfires #TaxBreaks #Rorts #Corruption #ConflictOfInterest #COVID19 #JobSeeker #JobKeeper #Drought #ClimateChange #JennysPA #Higgins #AllegedRapistChristianPorter #AUSPOL[]",English
3716,1573800344.0,,2021-04-21 08:11:54+00:00,"['scotty', 'fossilfuelscam', 'democracy', 'climateemergency', 'apocalypticfires', 'floods', 'droughts', 'usa', 'lnpcorruptionparty', 'timesup']",Twitter,,https://twitter.com/CaraMia200/status/1384698881275957249,"#Scotty‚Äôs #FossilFuelScam needs to end, not due to #democracy or popultn‚Äôs terror in facg excesses of #ClimateEmergency like #ApocalypticFires, devastatg #floods, extended #droughts.   No.#USA is serious about action & #LNPCorruptionParty arenot. Scrutinsd by real media, #TimesUp[]",English
3382,558883328.0,,2021-02-05 19:04:28+00:00,"['pandemic', 'floods', 'keralaelections2021']",Twitter,,https://twitter.com/beinganfas/status/1388849373610582017,"This is a testament of the faith people had in the exemplary governance by @vijayanpinarayi and the party. 1 #pandemic and 2 #floods, yet we stand high, proud and stronger than ever #keralaelections2021[]",English
4133,1.4e+18,,2021-06-03 10:50:46+00:00,['foodsecurity'],Twitter,Australia,https://twitter.com/ColinDavdButler/status/1400464986766405642,"3 typhoons buffeted China‚Äôs main corn belt late Aug early Sept 2020, ""flattening plants and flooding fields just as the corn crop reached maturity.‚Äù China still buying up grain 05/21. Much of US & Brazil currently in drought. Climate change? #foodsecurity  https://t.co/JUaiNjLJvL[]",English
3389,1.31e+18,,2021-02-05 11:27:04+00:00,"['sewer', 'floods', 'podcast']",Twitter,,https://twitter.com/AntoineWalter7/status/1388734264452304896,"What if we could avoid Fatbergs, #Sewer Blockages, and #Floods? That's what Brian Moloney shares us in this week's #Podcast. üéß Fatbergs Right Ahead? Not if you Harvest the Right Data! ‚ñ∂ Listen to the full episode on your favorite Podcatcher, or on  https://t.co/PaCpbIkwNx  https://t.co/tICuNEMuX3['https://pbs.twimg.com/media/E0XGdBEXMAUHAuE.jpg']",English
3203,3111226033.0,,2021-07-05 04:14:50+00:00,"['metoo', 'floods', 'gpwx']",Twitter,,https://twitter.com/TimMelino/status/1390437429262311424,"#MeToo #FLOODS social media with stories of sexual abuse, harassment  https://t.co/tzAlCYTBLZ #GPWX[]",English
3256,283069359.0,,2021-05-05 20:05:02+00:00,"['insurance', 'typesofcoverage', 'cheapinsurance', 'insuranceincanada', 'carinsurance', 'homeinsurance', 'boatinsurance', 'motorcycle', 'rv', 'trailer', 'theft', 'floods']",Twitter,,https://twitter.com/surexinsurance/status/1389951778507083778,We have all you need to know about insurance add-ons - we break it all down for you in our latest blog post:  https://t.co/MAvM4JhuvG #insurance #typesofcoverage #cheapinsurance #insuranceincanada #carinsurance #homeinsurance #boatinsurance #motorcycle #rv #trailer #theft #floods[],English
4166,1.4e+18,,2021-06-01 09:52:40+00:00,[],Twitter,Australia,https://twitter.com/ReallyTrulyGod/status/1399725590173958146,@DavidHuett @yvonne_rieper Farmers whinge about how city people don't know how tough it is in the bush then ask them for handouts when there a drought or a bushfire. They think everyone in the city is a millionaire yet most farmers are much richer. I'm so over it and yes - I'm originally from the bush.[],English
4157,1.4e+18,,2021-06-01 20:23:18+00:00,"['bushfires', 'floods', 'heatwaves', 'drought', 'auspol']",Twitter,Australia,https://twitter.com/CAN_Australia/status/1399884291660648453,"It is time @ScottMorrisonMP to step up on climate policy ‚Äì as the government meets to discuss this, remember the #bushfires #floods #heatwaves and #drought and commit to a 1.5 degree path for Australia #auspol[]",English
3070,2985110557.0,,2021-12-05 13:34:05+00:00,"['climate', 'drought', 'bushfires', 'floods', 'netzeroemissions']",Twitter,,https://twitter.com/MalurusSally/status/1392390106120601600,#climate change impacts here already with #drought the #bushfires from August 2019 - March 2020 then #floods we need a plan for #NetZeroEmissions[],English
3268,1.22e+18,,2021-05-05 12:40:22+00:00,"['australiangovernment', 'drought', 'floods', 'bushfires']",Twitter,,https://twitter.com/RecoveryAust/status/1389839871976505346,"Some of our team are here all week to chat to primary producers and other visitors about #AustralianGovernment support for people impacted by #drought, #floods, #bushfires and other challenges. If you‚Äôre at Beef Week, be sure to visit us at the Sidney Kidman pavilion, stall 28.[]",English
3182,7713812.0,,2021-07-05 21:00:01+00:00,"['yemen', 'humanitarian', 'foodinsecurity', 'famine', 'floods']",Twitter,,https://twitter.com/kingmo/status/1390690389196161031,"As if #Yemen weren't already facing #humanitarian crises: #foodinsecurity, possible #famine, now there's #floods[]",English
3696,3575566642.0,,2021-04-21 16:31:24+00:00,"['forests', 'floods', 'droughts']",Twitter,,https://twitter.com/FoWaNetwork/status/1384824586118836226,"#Forests can be managed to mitigate the negative effects of climate change on water resources and ecosystems, as well as ensure a safe and clean water supply and reduced risk of #floods and #droughts!  https://t.co/Bbh89y8CoU['https://pbs.twimg.com/media/Ezfin1qXsAAUQ3x.jpg']",English
3876,39844441.0,,2021-04-16 00:33:57+00:00,"['worldsmostethicalcompanies', 'climatechange', 'monster', 'heatwaves', 'wildfires', 'floods', 'earthisdying']",Twitter,,https://twitter.com/XOEarth/status/1382771695551844352,@onsemi @ethisphere Major Congrats on #WorldsMostEthicalCompanies award!! Hire me to do big social net & PR if you  INVEST 24%* to cool our fun+rad+dying biosphere. So #ClimateChange #Monster #Heatwaves #Wildfires #Floods do not kill 45% of all mc life in 5yr.  https://t.co/pLI4iXSAgO #EarthIsDying[],English
2591,1.4e+18,,2021-06-02 21:09:50+00:00,,Twitter,Jamaica,,@ajkatztv I usually watch MSG... Started on TNT for Marv tonight but then Reggie pushed me back to MSG,English
3443,9.82e+17,,2021-04-30 04:27:27+00:00,"['extremeweather', 'bushfires', 'floods', 'drought', 'climateimpacts', 'logging']",Twitter,,https://twitter.com/AFCA_Forests/status/1387903885713371137,#extremeweather #bushfires #floods #drought #climateimpacts... #logging.  One of these threats is not like the others. @LilyDAmbrosioMP Strengthen old tree protections   ‚ÄòLiving giants‚Äô: Conservationists urge government to protect oldest and largest trees  https://t.co/cLsGgZ38QS[],English
